{"type":"FeatureCollection","features":[{"type":"Feature","geometry":{"type":"Polygon","coordinates":[[[99.7953469612572,19.058107584201],[99.7984336382614,19.061388280819397],[99.79928139692801,19.0623241880844],[99.8032906183415,19.066642870913597],[99.80701999811981,19.070711917122804],[99.8079868673251,19.0716873988551],[99.8102635500591,19.0740343761943],[99.8162642413902,19.079533474598293],[99.8167751371184,19.079916445089395],[99.8178508252416,19.080919863562904],[99.8185342396378,19.081495362364706],[99.81912950307081,19.082091465850496],[99.8205231745643,19.0834262335407],[99.8213136362474,19.0841623322221],[99.821810705642,19.084561441932003],[99.8227507990701,19.0854407202233],[99.823909865038,19.0865162001251],[99.8251612737836,19.087639884565395],[99.8256778985475,19.088602935802694],[99.8262646364274,19.0888903430762],[99.8266366525166,19.0894240041256],[99.8275732420569,19.089564639033295],[99.8279333225767,19.089330405257996],[99.8282847269674,19.089824538764997],[99.8282996284379,19.0900555688904],[99.8280572990733,19.091270597077],[99.8284898681971,19.092416909233],[99.8310867784152,19.0974847020984],[99.83110286702461,19.097678581115996],[99.8308982819306,19.097793065632],[99.8305214969822,19.097801289736697],[99.8307907523996,19.098335268364398],[99.8307630857617,19.098538129376998],[99.8308902789122,19.0989826045432],[99.831083985682,19.0992995872292],[99.8315991837697,19.100208572007496],[99.831815394093,19.100894084053696],[99.8318475313725,19.1012998441813],[99.8318613999705,19.1016272930247],[99.8318747747699,19.101933330309592],[99.8322883479873,19.102762999482497],[99.8325996819387,19.102643843315505],[99.83272140063332,19.1025818608522],[99.8329867937859,19.102552907190397],[99.8332628355784,19.1025402806238],[99.8334848949839,19.1026917269063],[99.8337191873758,19.102815345677197],[99.83418025198812,19.103114896611302],[99.8345073850086,19.1033480517352],[99.8346613175544,19.103519976289004],[99.8349340898366,19.1035466028043],[99.8354802663525,19.1035771246712],[99.8359077042936,19.103730728548207],[99.8361793387165,19.1038635109397],[99.8363635748784,19.1043120682099],[99.8365123872389,19.1044065416199],[99.8368514869048,19.104497625962995],[99.8375392892974,19.104768579487597],[99.8378308389908,19.105482944482],[99.8382089419154,19.1055898880148],[99.83841813611481,19.105621277260695],[99.8386039743155,19.105781823058404],[99.8387468045674,19.1060414355755],[99.8388992637642,19.106223952497597],[99.83923033843402,19.1064051100127],[99.8399440059394,19.1062325101686],[99.84003433329632,19.1063602913689],[99.83989205016742,19.106569096122396],[99.8398021655665,19.1067962354386],[99.8398672715974,19.106978462937],[99.8400559880312,19.107149390196998],[99.8403434887942,19.107106144347203],[99.8405245279321,19.107093407142898],[99.8406980491524,19.106929821370702],[99.84079953743691,19.106934098219998],[99.8409655967529,19.1070008105317],[99.8409709051731,19.107200013787295],[99.8409973514127,19.1075378012107],[99.8411291035872,19.107673910383397],[99.8412605563319,19.1078528500481],[99.84154820060431,19.108223356048],[99.841796881448,19.1087001023617],[99.8418689936339,19.109277934861996],[99.8420266851657,19.109622568544705],[99.8420101286889,19.109881134978703],[99.8419492073337,19.1100310388845],[99.8418178910749,19.1101333960134],[99.8416647183859,19.110166087720994],[99.8417178341573,19.110374554467093],[99.84185435743701,19.1104804698456],[99.8420995645674,19.1105796141658],[99.8425516166268,19.110707941625893],[99.8429608819095,19.1108433567499],[99.8432254456715,19.111167052836503],[99.8435102011168,19.1115112957893],[99.8437643453042,19.111606458173295],[99.8439715641823,19.111650723104795],[99.8442189909127,19.1116117137633],[99.8444649937512,19.111771427983],[99.84478010183676,19.11175853923313],[99.84500750399751,19.1118363915711],[99.845169923477,19.112213773857697],[99.8453753768288,19.112525527788602],[99.845648366873,19.112761794811004],[99.8462333164131,19.1125054359789],[99.846011660784,19.112232797288197],[99.8458157961004,19.112016415345103],[99.8456795688069,19.111658280200597],[99.845541417909,19.111085740981597],[99.8453498734824,19.1105828304986],[99.8452693523296,19.110448374144493],[99.8452049112379,19.1102114783318],[99.8451818533676,19.110096732371396],[99.8451780731686,19.109935985583398],[99.8450631511415,19.109416208660498],[99.8450182187708,19.1092039764843],[99.8448091404961,19.1092276384763],[99.8447039183513,19.108950453993494],[99.8445210934209,19.1082483555397],[99.84455608280751,19.108211156028496],[99.8443526553421,19.107588881982497],[99.8443733879525,19.107563282159695],[99.8442048527043,19.107233253381192],[99.84414769923141,19.106842379015095],[99.8440959013993,19.106850057310396],[99.8438796788081,19.106587516380305],[99.8436732349126,19.106365338340098],[99.8431075351773,19.105617017210896],[99.8432371018157,19.105576551746196],[99.8435002455919,19.1055829174888],[99.8437690819842,19.10534846533629],[99.8438655944147,19.105035793236592],[99.8436735677162,19.1048138784113],[99.8435330718757,19.104633361877],[99.8434607305258,19.1044799323924],[99.8433191521291,19.104134697910396],[99.8431899107221,19.103799330268505],[99.8430070379431,19.103408858106704],[99.8429429949117,19.1032200821816],[99.84278550216261,19.1026846643857],[99.8426015970632,19.1021530705075],[99.8422858826024,19.102203009795],[99.8418634540483,19.1011480243091],[99.8406782877523,19.100257208011097],[99.8398297597793,19.099812756304893],[99.8395958274612,19.0993269780123],[99.8391941661883,19.098779300903605],[99.8386826828188,19.098332328703798],[99.8379775126343,19.098082708560693],[99.8374592051843,19.0975914798276],[99.8373356179922,19.097095939349796],[99.8371611554635,19.097012131932605],[99.8373800972994,19.096355077534298],[99.837523921201,19.0957762886895],[99.8375374806963,19.0951911123236],[99.8375321982102,19.094808106786196],[99.8375408591795,19.0941734406463],[99.8375359013148,19.0936905792311],[99.8375254762393,19.0932353793271],[99.837385210707,19.092368809911193],[99.837167516187,19.091957349652695],[99.8367115175239,19.0914012577467],[99.8364552218659,19.0908795052428],[99.83847168034042,19.0905036651923],[99.839614075697,19.0902897341861],[99.8398075043858,19.08957782090789],[99.8397776995735,19.089159668213505],[99.8395664780335,19.089020782817695],[99.839523329951,19.088875259168002],[99.8395524077196,19.088544040128895],[99.8396655059136,19.0882818327254],[99.8393944075201,19.088268994016893],[99.839206681528,19.088310053895],[99.8385548077343,19.08821981108269],[99.8382042249473,19.088206452110796],[99.8374344568571,19.088516564127296],[99.8371957881192,19.088123683285495],[99.8369049361108,19.0876199098721],[99.8366926112618,19.087227663619196],[99.8364480191216,19.086650868502495],[99.8362117230226,19.086123646414798],[99.8361621602339,19.086026286586797],[99.8361987092914,19.085953748584895],[99.8361560913307,19.08584983427639],[99.83617894985531,19.085580229949404],[99.8362574179791,19.0853691855417],[99.8363372984401,19.085112537300198],[99.836435293727,19.0848306891471],[99.8364058430198,19.084534666429704],[99.8363278361233,19.084073963709997],[99.8362587107454,19.083720962450297],[99.8362315218731,19.083477806515],[99.8364014212315,19.083019627362397],[99.8360863719263,19.082515979829093],[99.8358338808307,19.0824645393953],[99.8354374327984,19.0823793101254],[99.8352307523516,19.0823667348957],[99.8350248105594,19.08226641594459],[99.8348644047679,19.082212741578303],[99.8347111812618,19.082264765202098],[99.8345308516104,19.0821084737948],[99.8343773980471,19.0819114831144],[99.8340524883216,19.081813641073396],[99.8338511996748,19.081754978930597],[99.8336214973824,19.081619253106805],[99.8334619455226,19.0814690039062],[99.8335162608859,19.081364617815193],[99.8334380000264,19.081135351594895],[99.8332564429669,19.081042175816805],[99.8329959083821,19.0809122921911],[99.8326258726912,19.080740938703503],[99.8327466924999,19.080603791799998],[99.8327840839322,19.0805206294958],[99.8327588154488,19.0803979055396],[99.8324744783763,19.080073635966297],[99.8324835566094,19.079808630082596],[99.8322421629152,19.0796886967861],[99.8317527978613,19.0796290909208],[99.8316679978337,19.0796779875862],[99.8316327275602,19.079770522762896],[99.83154512604702,19.0797921053908],[99.8314175464839,19.079747024913793],[99.8314018330885,19.0796350172192],[99.8314098528095,19.0795399078494],[99.8312255823467,19.0791701812295],[99.8308030885067,19.0790783300792],[99.8305885382595,19.078895483485503],[99.8303434128459,19.0786812353453],[99.8299537772475,19.078368877321104],[99.8271054492773,19.0759999962171],[99.8242118958183,19.073628859282596],[99.82151471517352,19.071425024734193],[99.8207004460098,19.070767445993702],[99.8201051172212,19.0697447054097],[99.8189198001756,19.0677936736764],[99.8178171012978,19.0660411272553],[99.81698945825,19.0645991773888],[99.81567566898167,19.06247538558583],[99.81526078309636,19.062734689779486],[99.81395396132305,19.060368898930896],[99.81357838543582,19.059690945949182],[99.813081804934,19.059177933195702],[99.81269702108837,19.05875756720654],[99.81195783898319,19.058511168212203],[99.81134935890347,19.05845983235752],[99.81045434161611,19.058342792642975],[99.80946878079335,19.058394657146692],[99.80819786759888,19.058290846762056],[99.8077469275709,19.05835309506969],[99.80703668893685,19.058458952938278],[99.80567308283499,19.058563318205096],[99.80501183166292,19.05843351609209],[99.80444122383871,19.05817417356658],[99.80402235659857,19.057640190362747],[99.80341453732751,19.057240333672382],[99.80253855406004,19.056669985116198],[99.80170865657173,19.056540164277706],[99.79947904627235,19.056527886976987],[99.7989634590014,19.056319988961505],[99.79837861895979,19.0558405998611],[99.79808293494935,19.055297807074016],[99.79740776805734,19.054518221556553],[99.79639660001905,19.053766226580723],[99.79564454168023,19.053312274586848],[99.7956032059926,19.0533161833141],[99.79450350595097,19.05332519020294],[99.79385524538512,19.053753020786587],[99.79367379146382,19.054258643457597],[99.79312921142181,19.054673632410804],[99.79221190595167,19.05499770730099],[99.7953469612572,19.058107584201]],[[99.8447798539667,19.1117584543733],[99.8447838294772,19.111758386759597],[99.84478010183676,19.11175853923313],[99.8447798539667,19.1117584543733]]]},"properties":{"moo":14,"village_name":"สันป่างิ้ว","part_label":null,"name_source":"village_moo_name_crosswalk.csv (สมดุลน้ำ 2568, ตรวจสอบแล้ว)"}},{"type":"Feature","geometry":{"type":"Polygon","coordinates":[[[99.8266497591467,19.112976268677098],[99.8263501428934,19.1134230159859],[99.82652510842672,19.113897787269256],[99.82666701668124,19.114385261311995],[99.82691163963034,19.11468229164423],[99.82703992284326,19.114842988014146],[99.82732321577289,19.11515323134653],[99.82734851170743,19.115280054882742],[99.82736165138455,19.1153836265484],[99.82729008169277,19.115592458279075],[99.82727066189666,19.115678696414477],[99.82721866795,19.115788664923173],[99.82717361162844,19.11594368923534],[99.8273033893348,19.1166624770787],[99.82738486306074,19.11710085109895],[99.82747418482334,19.117687690179764],[99.82750418621903,19.118598589800442],[99.82748085649112,19.11872036018782],[99.82744487991008,19.118764360372122],[99.82732561712643,19.11987455649964],[99.82734534734175,19.120143914496133],[99.8276108853521,19.12013991116174],[99.82809019962572,19.12020073784169],[99.82825059105973,19.12028686042315],[99.82835881049748,19.120447299075654],[99.82845337859838,19.120679938256366],[99.82850574790648,19.120879472393582],[99.82882262296049,19.12149705461644],[99.82887499786092,19.12158047233492],[99.8289740799747,19.121664373260828],[99.82909300435158,19.12174679743252],[99.82920263930161,19.121839529337457],[99.82926999544564,19.121941746570723],[99.82928797441474,19.12203489147756],[99.82931724658211,19.122285304244894],[99.82936615449607,19.122375812608837],[99.82942322872918,19.12246489685435],[99.82958082947886,19.12260541252968],[99.82982904396641,19.122858167390586],[99.82995670150038,19.1229062854901],[99.83009643486648,19.122946718920595],[99.83027200186966,19.123031383834878],[99.83045682001045,19.12298116220731],[99.83058013303526,19.122948420453504],[99.83317900855941,19.12208071256033],[99.83347676130136,19.121966161217877],[99.83361862388425,19.121965518559694],[99.83368401899607,19.12199629755845],[99.83379335665607,19.12214562939086],[99.83381950576741,19.12223762691261],[99.83386272524622,19.12229930415873],[99.83400086343013,19.122370817122082],[99.83417042337051,19.122537910486884],[99.83426554387596,19.122646103968385],[99.83435438142739,19.122723805524057],[99.83443682802819,19.122749512673128],[99.83491039663595,19.122943110849047],[99.83497707075587,19.122995941455308],[99.83524011741079,19.123294124474622],[99.8354193605964,19.123441750596538],[99.835454186979,19.123517615885888],[99.8354809433624,19.123614049686626],[99.83552339480622,19.12369695550637],[99.83558708834526,19.12373745253658],[99.83565162744075,19.123800974695342],[99.83575242933148,19.123877650079876],[99.83587777546862,19.123959069407498],[99.83595381474481,19.12404556819418],[99.8360746309303,19.124154892460446],[99.8364350526692,19.124369948684073],[99.8364976006786,19.124443745508668],[99.83658122298417,19.124528822247058],[99.83665471536835,19.12463114738537],[99.83670935566266,19.124728702719413],[99.83680657231882,19.124817810018307],[99.836874528241,19.12492203307802],[99.83697280792686,19.124990326122717],[99.8371268339994,19.125085903130287],[99.83721140610487,19.12509862816069],[99.83729908059769,19.12511876102328],[99.83736052571992,19.12514733695651],[99.83739239658338,19.125215723920398],[99.83745487865326,19.1252907692472],[99.83754583909239,19.125340228169367],[99.83769354415242,19.125383324607288],[99.83789675172883,19.125448711574066],[99.83799567842593,19.12547149805764],[99.83813219633333,19.12551027513601],[99.83817687752894,19.125542950292132],[99.83826463128042,19.12563660856842],[99.8383063578881,19.12570564409025],[99.83836064342876,19.125776009657017],[99.83844137769663,19.12586692525214],[99.83864301670323,19.125997312931126],[99.83873629982182,19.126073049745663],[99.83882522405054,19.12615269078948],[99.83898806448852,19.12631696605381],[99.83900951470977,19.126344822067477],[99.83901855201239,19.126400272345464],[99.83900950867088,19.12645927330286],[99.83903191965554,19.12651119436643],[99.83905110827075,19.12654641331135],[99.83909619867568,19.126558866646032],[99.83914564521689,19.1265523983094],[99.83918407797152,19.126539876137475],[99.83924306405925,19.126493202291183],[99.83929379297503,19.126458878273205],[99.83934315540347,19.126435762821192],[99.83942370008384,19.12644562655795],[99.83953914698806,19.12648085706664],[99.83970921446182,19.12652981510865],[99.83977122390478,19.126568792278356],[99.83995596454076,19.126575301484017],[99.84006683109553,19.12662113063126],[99.84013422154248,19.126685123632196],[99.84016311688798,19.126756506312486],[99.84016658138049,19.126806640914456],[99.84014764535776,19.126929710386968],[99.84013078473652,19.127001371396688],[99.84011142019072,19.127039679588442],[99.84011761562847,19.12711033356522],[99.84014412113147,19.127156478534957],[99.84020594459331,19.127201907277723],[99.8403768360121,19.127298167385664],[99.84043761864974,19.127310930195936],[99.84052185913899,19.127301111758843],[99.84059910086141,19.12730714033424],[99.84066069994047,19.127308176766093],[99.84074105301364,19.12732334715556],[99.84085535965882,19.12737103291436],[99.84094631550516,19.12740474438871],[99.84100479939536,19.127395875845327],[99.84106921261485,19.127376159338166],[99.84115298718788,19.12737522137679],[99.84126896717694,19.127421858756605],[99.84141052902045,19.12744743102457],[99.84171436400581,19.127466850331338],[99.84212064051638,19.127511048810323],[99.84218888174523,19.127526690190983],[99.84230942604664,19.127581074806976],[99.84236222816929,19.12763188515731],[99.84242368347697,19.12766212402758],[99.84253647517595,19.127684358951857],[99.84261767791524,19.12772310848196],[99.84266929847526,19.127771149578678],[99.8427517993946,19.12780684107043],[99.84282461000798,19.12780248435486],[99.84310545571293,19.127951024262728],[99.84335553084246,19.127932120661082],[99.8434786371805,19.12791601861651],[99.84361771286862,19.127825484732234],[99.84381786543481,19.127748127261448],[99.84415315056535,19.127666126382945],[99.84434889928305,19.127641366684234],[99.84445688248962,19.127636431694665],[99.84518167928015,19.127573865930035],[99.84543182802835,19.127512230802893],[99.8457886582032,19.12747674075056],[99.84610661911452,19.127403833365637],[99.84636837848583,19.127329380556777],[99.84650418547825,19.127313911718133],[99.8465822468782,19.127280257647097],[99.84675834645417,19.127237828587184],[99.84703573536517,19.127194516814583],[99.84732777418604,19.127115804737116],[99.8473440702244,19.127044713814],[99.8470836361148,19.126092290707895],[99.8472171264026,19.126047250283996],[99.8472634858252,19.125947972006596],[99.8473676659015,19.125849901407697],[99.8473646239455,19.1256770970007],[99.8473883075871,19.1254526771903],[99.8474880363838,19.1253470443418],[99.8475228868521,19.1252441323924],[99.8475691843796,19.1249180056203],[99.8475122414363,19.1248236894684],[99.84748251087541,19.124431368928803],[99.847459368246,19.123999226624598],[99.847428003541,19.1235325662895],[99.8473411688478,19.123077649450295],[99.8473085986388,19.122822946636898],[99.8471355689748,19.1223564839556],[99.8470255455919,19.1220697633877],[99.8469451382716,19.1218007708274],[99.8472194584301,19.121467911006295],[99.8478730718013,19.120570651643803],[99.8477729964705,19.120329910395295],[99.8477772526989,19.1199111790728],[99.8477945066032,19.1196648512523],[99.8476680924723,19.119522320463293],[99.8476245701928,19.119293445950095],[99.847466900186,19.1189597259846],[99.847486101191,19.1188357606328],[99.8474615646965,19.1187180131103],[99.8473994850557,19.118573007621904],[99.8472694088665,19.118346237401497],[99.8471536327379,19.118161752320596],[99.8469711296564,19.118075460440398],[99.8467891387691,19.118025878208996],[99.8467442148321,19.1178523075555],[99.8466849292117,19.1176668198634],[99.8467909746467,19.1175848705547],[99.8467006907233,19.117494039963198],[99.8465445542717,19.1173365765694],[99.8465440538009,19.117339399921995],[99.84631863728121,19.1172081787827],[99.84618760131842,19.117045631259295],[99.8461992226614,19.1168529735679],[99.8461109124388,19.1167443658266],[99.8460707390226,19.116632662331696],[99.84618860122131,19.116530921997498],[99.8462428215083,19.116399195548397],[99.84636328200111,19.116209211956598],[99.8462058135318,19.1159670937647],[99.846008282445,19.115608508141396],[99.8458384182324,19.1157403879565],[99.8458921687505,19.1158371091913],[99.8453165094815,19.1163339761679],[99.8453006020447,19.116300418032196],[99.8452309620343,19.116187022403196],[99.8450622186353,19.115938616009895],[99.8451187103277,19.115803162006795],[99.8449561557761,19.115597670799204],[99.8448349792612,19.1153707829095],[99.8447105194676,19.115455263538593],[99.8444428806317,19.115648790000105],[99.8441833099169,19.115841515939696],[99.8440518601707,19.1155000769631],[99.8440264575308,19.115358292114696],[99.8435241350205,19.114912662911294],[99.8434459730558,19.1149821622709],[99.84338644169472,19.1151027395534],[99.8433017053522,19.115240544033796],[99.8427256251626,19.115227159395996],[99.8422150096842,19.115044154434297],[99.84218312046002,19.114965620311704],[99.8422141034166,19.114714174409],[99.8422694468123,19.114520777806398],[99.8423576385831,19.114224501066698],[99.8424630734784,19.113918163378603],[99.8425391178638,19.113570890830204],[99.842521361238,19.1132291858012],[99.8424456281789,19.112828858687802],[99.8423839441165,19.11230857127279],[99.8414939516141,19.111794147730702],[99.8404556893976,19.1140974083496],[99.8395261209923,19.113670671677],[99.83984671921091,19.1129674285926],[99.8377841183925,19.1125998383741],[99.8376880654819,19.1127990611255],[99.837469201005,19.1134957656657],[99.8363568904437,19.1136888407164],[99.8362629228553,19.113618545166492],[99.8356925071207,19.113021241906505],[99.8340384027869,19.1113145707516],[99.8332782469606,19.1116380028512],[99.8323102899733,19.112171814775103],[99.8317377822445,19.1124808211763],[99.8316226531891,19.1123045824195],[99.8301215529742,19.1119236168002],[99.8298233811197,19.1117650689732],[99.8293602704546,19.1112378915798],[99.82923432578282,19.1108149896423],[99.8286521376396,19.110944107911003],[99.8285428615822,19.111226061519297],[99.8285690228306,19.111620617098104],[99.8279904960682,19.1116896454849],[99.8279502805446,19.1118436172088],[99.8275800170576,19.111860743752196],[99.8275264216546,19.111800369394093],[99.8272296779791,19.1118370847237],[99.8270552294741,19.112128065218396],[99.8269764309763,19.112391564367403],[99.8267886505715,19.112803852436397],[99.8266497591467,19.112976268677098]]]},"properties":{"moo":1,"village_name":"สันขี้เหล็ก","part_label":null,"name_source":"village_moo_name_crosswalk.csv (สมดุลน้ำ 2568, ตรวจสอบแล้ว)"}},{"type":"Feature","geometry":{"type":"Polygon","coordinates":[[[99.8327240738438,19.1025864020416],[99.8322883806168,19.102768247144102],[99.8321768648246,19.103205341580693],[99.8316863101944,19.105349703843896],[99.8315804978568,19.105952203762],[99.8310680208231,19.1062983514171],[99.8318035736106,19.1070855280469],[99.8323209056362,19.1076400924968],[99.8327278559969,19.1085560090692],[99.8337826637913,19.109234955600193],[99.8349779692447,19.109991746269895],[99.8355425576171,19.1103245124755],[99.8344598235258,19.1110661208102],[99.8340465861429,19.111316243803103],[99.8349308394775,19.112239215178196],[99.83634546538,19.1136757490557],[99.8374677950794,19.1135003174247],[99.8376772367251,19.112821901267],[99.8377943283685,19.112604063254892],[99.839837562685,19.112967718992095],[99.8395294421508,19.113667656431602],[99.8404602540161,19.11409126587281],[99.84149666672701,19.1118033021075],[99.8423878041185,19.112309701835603],[99.8424546815825,19.1128887511088],[99.8425520822536,19.1135004037624],[99.84245936836702,19.113940405135804],[99.8422119946446,19.1147287350018],[99.8421894039475,19.114975859514896],[99.8422302842686,19.115047547286],[99.842742929964,19.1152234110811],[99.8433095464831,19.1152438407465],[99.8434529973791,19.114970335822495],[99.8435205803076,19.1149196990438],[99.8440148620712,19.1153499993716],[99.8440418956661,19.1154709644799],[99.84418681765152,19.1158361113291],[99.8448335434633,19.1153625986629],[99.84494642632302,19.115580972704098],[99.8451225936549,19.115802695882],[99.8450651911098,19.115930765713298],[99.8453149910433,19.1163382693337],[99.84589688276981,19.115836726175303],[99.8458402952123,19.115738845947295],[99.8460170854003,19.1155994131505],[99.8461851937208,19.11593808166331],[99.8463613654945,19.116196682580895],[99.84622607620392,19.1164553877164],[99.8461921918401,19.116536941445],[99.8460802031313,19.116631103342588],[99.8461203532767,19.116751556559997],[99.8461937565254,19.116846692253596],[99.84617482871421,19.117048420971496],[99.8463240832623,19.1171987920049],[99.8465491099089,19.117334265446903],[99.8467674168157,19.117576610365997],[99.8466827905653,19.1176659502518],[99.8467845234765,19.1179585291059],[99.8467726088122,19.118010154625992],[99.84708660694201,19.1181198622496],[99.8471961434544,19.1182065654572],[99.8473967586886,19.118547030317],[99.8474610594347,19.118725094026995],[99.8474622722466,19.1189472226853],[99.8475947595223,19.119220737683502],[99.8476826088402,19.119516719338705],[99.84779128936512,19.119644171031297],[99.847791410709,19.119863767807],[99.84776545116411,19.120120145368396],[99.847777962319,19.120318828036993],[99.8478765459765,19.120570809601197],[99.8471446822141,19.1215728321555],[99.8469479341284,19.121813636514304],[99.8472987022789,19.1227866733357],[99.8474089931587,19.123469612231098],[99.8474607245404,19.124013979906795],[99.8475185977724,19.124846298356704],[99.8475638268424,19.12493382773449],[99.8475038912815,19.1253046889237],[99.847383121382,19.1254679357309],[99.8473712382692,19.125848410177603],[99.84723435128572,19.126029822769105],[99.8470864193727,19.1260913969072],[99.84734407360655,19.12704472018047],[99.84732777425235,19.127115817742602],[99.84740485745913,19.12724192019416],[99.84745198183869,19.12736687088385],[99.8474726131061,19.127391252744978],[99.84749879901067,19.12741725641363],[99.84755105082168,19.12741711105333],[99.84836740090543,19.127219613719518],[99.84849735647603,19.127219499897954],[99.84853285706404,19.127254573176703],[99.84856193069423,19.127345861118474],[99.84866568713352,19.128213891900998],[99.84874644160114,19.128607508063585],[99.84880811241494,19.128793951959288],[99.84888321549582,19.129009744262465],[99.84897712763623,19.12910739183011],[99.84902995921469,19.129192049769124],[99.84909904997961,19.129288008365542],[99.84919717046925,19.1294379369904],[99.84931908315342,19.12955945510384],[99.84944235017059,19.129717452441945],[99.84958991200332,19.129888239211635],[99.84973532292956,19.130037949072417],[99.84987266114055,19.130178817491593],[99.8499763384414,19.1303051670958],[99.85003139904316,19.130394222763506],[99.85008422707502,19.130449469958997],[99.850125458154,19.130520308315862],[99.85013286152132,19.130597961979852],[99.85015749198554,19.13067636838638],[99.85014760776417,19.130798495028614],[99.85011752141041,19.130851905780236],[99.8501369334944,19.130994428806158],[99.85027388612237,19.13128789983791],[99.8504466262959,19.131386985590417],[99.85050595358543,19.1314571852517],[99.85052033471706,19.131529257484164],[99.85060452518702,19.13166620918777],[99.85065799163354,19.131731996591164],[99.8507309500121,19.131870248731545],[99.85080518933579,19.131888078727595],[99.85088072492525,19.13193101252205],[99.85094561236679,19.131946804800368],[99.85100261612212,19.13201923468672],[99.85107623376625,19.13205815414992],[99.85114185576813,19.132103353359074],[99.85119581826788,19.13215193598515],[99.85130322303903,19.13214755447512],[99.85140269798167,19.13210533678553],[99.85188620487047,19.13226416140711],[99.85227430208276,19.132354097428717],[99.85237057389355,19.132369702568397],[99.8522741062036,19.1313605792535],[99.85211745039251,19.130970746054597],[99.8520614390496,19.130803621593298],[99.8517792637447,19.1298016222803],[99.851723868767,19.1291058240492],[99.85154148732602,19.128651339925998],[99.8514170685814,19.12849914592489],[99.85111807987,19.1279692222787],[99.8508459025287,19.127761366487597],[99.8508090686434,19.127513413055105],[99.8507253538025,19.1273008021276],[99.8505915005582,19.1271426773521],[99.8504355139329,19.1269437641097],[99.8502573132458,19.126655194238495],[99.8500850194882,19.1262908001722],[99.84992621973501,19.126085242095495],[99.8498321670743,19.125898022451395],[99.84974218046202,19.125662257484105],[99.849794158865,19.125519154243502],[99.8498279598829,19.125357387279596],[99.8498328995265,19.125047162077202],[99.8494707267358,19.125180319499297],[99.84924113805151,19.1252220678668],[99.8492290546157,19.124999833675304],[99.8492286008534,19.1246954965543],[99.8490719976757,19.1242271120058],[99.8489843315431,19.123947790130302],[99.8489031098239,19.1232103560932],[99.84884187183701,19.1229660901569],[99.8487603911476,19.122792680223203],[99.8487478806332,19.122775043155297],[99.8486036441305,19.122615798229297],[99.8485914919863,19.122471328871892],[99.8486229748881,19.1222339443739],[99.8486843420926,19.1220321147502],[99.84888267972241,19.121955889942498],[99.848894501235,19.1217649901647],[99.8487993635438,19.121459479202198],[99.8488002219947,19.121448471102198],[99.8487226819458,19.121305746701196],[99.8489409590708,19.1212593337467],[99.8490761378285,19.121203806165305],[99.84918745369032,19.121173449042793],[99.8493869272123,19.120952240471595],[99.850115263822,19.121174749229695],[99.8500459093983,19.121521720288],[99.85034094298402,19.121542148716905],[99.85058727469281,19.121521784676],[99.8506900399098,19.121540084577997],[99.8506843896509,19.121348678091096],[99.8510566057555,19.121263496348202],[99.8508815169314,19.120052175251192],[99.8507750869937,19.119744236900594],[99.850790704942,19.119267331139305],[99.8507756596607,19.119128629183198],[99.8507811264627,19.118885989592496],[99.8507207838258,19.1185993413929],[99.850553186493,19.118099684714597],[99.8504648154369,19.117859093410203],[99.8505277784361,19.1177558892868],[99.8505856332965,19.117704788900703],[99.850312985883,19.1170142310034],[99.8503752853316,19.116991768691896],[99.8504253996782,19.116970189008],[99.8502523466902,19.1165943211556],[99.8500718114534,19.1163243750238],[99.8500162602701,19.1159570649929],[99.8498818228128,19.115689524595894],[99.8498110142413,19.115613398154004],[99.849678703499,19.115375549589498],[99.8496517446152,19.1153745105494],[99.84936351758472,19.115349594774692],[99.8493539269055,19.1152164936317],[99.8491989158074,19.1150794222716],[99.8486205625864,19.115268529871095],[99.8484460487937,19.115136102372098],[99.8481334619077,19.115030611638897],[99.8480049595069,19.11490623557029],[99.8479956956813,19.1147225355742],[99.84807442778332,19.114478208243703],[99.8481382843635,19.1142968919174],[99.8469403593304,19.1142109724071],[99.8466837774176,19.1141904023931],[99.84656678855,19.114201592688],[99.8464903481034,19.114271670020205],[99.8464101109774,19.1142617889347],[99.8463777966783,19.114248298419103],[99.8463456669103,19.1142426656421],[99.8463133031547,19.114221374114095],[99.846296849431,19.1141912259673],[99.8462647319286,19.114177834118],[99.8462326596896,19.114164460841405],[99.8462006315375,19.1141511061234],[99.8461764977405,19.114129544987097],[99.846160360683,19.1141074882219],[99.84614418982872,19.1140777952444],[99.84612806751461,19.1140481918791],[99.8461199033085,19.1140181400257],[99.8460002562104,19.1138113146236],[99.8458336317678,19.1135146068279],[99.8458449464169,19.1133249479221],[99.845758706107,19.113033735294295],[99.845650405829,19.112773941509996],[99.8453741448586,19.1125307750045],[99.8452821273373,19.112407857666096],[99.8451480159386,19.112176616621],[99.8450062379053,19.111837048449598],[99.8447740356504,19.1117668847908],[99.8444628141189,19.1117718024128],[99.8442017359562,19.111609531792496],[99.8440232955611,19.111656217764402],[99.8437362226516,19.1115999301971],[99.8435164328456,19.111515045229293],[99.843176089102,19.1111038034482],[99.8429631676427,19.1108411431632],[99.842634187682,19.1107264450237],[99.8421090967956,19.1105862965677],[99.8418467391468,19.1104888593665],[99.8417196871992,19.110372526736892],[99.8416547134449,19.110172953830904],[99.8418072192953,19.110132374380203],[99.8419608929131,19.1100244195266],[99.8420080994568,19.1098822350535],[99.8420182015,19.109619725398993],[99.8418679864553,19.109279880281495],[99.8417971561124,19.108677627797896],[99.8415214038652,19.108189314735597],[99.84119109047792,19.107750595593405],[99.8409896771978,19.1075405975708],[99.8409256322557,19.107027848404506],[99.84072982564001,19.107086640367204],[99.840369157924,19.1071699999076],[99.8400631179663,19.107144944534298],[99.8398676088546,19.1069720524753],[99.8398080865218,19.106790172277798],[99.8398967163771,19.106569601270998],[99.8400317723,19.106362965226495],[99.8399448224731,19.106230465379003],[99.8392259371869,19.106400260530997],[99.8388979651559,19.1062259093913],[99.8387381796882,19.106034566526],[99.83860658505601,19.1057741624195],[99.8384064034917,19.1056281603872],[99.83781988305032,19.1054820398143],[99.8375386269485,19.104766823474005],[99.8368524749604,19.1045002055742],[99.8365138672668,19.104406377174396],[99.8363649092765,19.104319651054],[99.836195238969,19.1038682863551],[99.83545814966492,19.103586172590393],[99.8346654083654,19.103511356507],[99.8345114312921,19.103340761119792],[99.8340517551817,19.1030323707858],[99.8332619740553,19.1025321779737],[99.8327240738438,19.1025864020416]]]},"properties":{"moo":10,"village_name":"แม่นาเรือใต้","part_label":null,"name_source":"village_moo_name_crosswalk.csv (สมดุลน้ำ 2568, ตรวจสอบแล้ว)"}},{"type":"Feature","geometry":{"type":"Polygon","coordinates":[[[99.85040746431,19.110472887951296],[99.8500607552258,19.1104925734428],[99.84998885100912,19.110315731413895],[99.849760220789,19.110353271908696],[99.8496819934265,19.110320478180693],[99.8496669543881,19.110333551880604],[99.8496420150298,19.110521785472095],[99.84970013844,19.110935361321395],[99.849473483645,19.110975721567705],[99.8493585600617,19.1110137279486],[99.8493920771003,19.111284182453094],[99.8495682684843,19.111995164301003],[99.8496918008709,19.112197017646498],[99.8497762341429,19.112455427600395],[99.8497945467029,19.112686636563392],[99.8497820436741,19.1130244457405],[99.8488705147213,19.1130225809634],[99.8488401673099,19.1130641964937],[99.8488633044619,19.113120048296995],[99.8489063983985,19.113270755049395],[99.8489204251229,19.1134512084698],[99.84892901766801,19.113569171199696],[99.84891684340911,19.113748566784196],[99.848899069565,19.114090063769197],[99.8485723721612,19.114150020261896],[99.8484820552251,19.1142225890985],[99.8484686630923,19.1144549992033],[99.8484219581455,19.114659287131598],[99.8483352744215,19.114667847487397],[99.848221661853,19.1145476906562],[99.8480846835002,19.114463148037295],[99.8479966708538,19.1147331941652],[99.8480046438045,19.114899698254096],[99.8481218149976,19.115023695516403],[99.8484584733154,19.115127766763997],[99.8486271440918,19.115267240303098],[99.8492007149336,19.115077233911403],[99.849358891328,19.115222607181597],[99.8493647313547,19.115353235846396],[99.8496717322991,19.115379419125105],[99.8497973287663,19.115596657108803],[99.8498758470028,19.115560075647597],[99.84993941535481,19.1154816363921],[99.8504274830049,19.115460751908003],[99.8506494092988,19.115531101466093],[99.8508897888076,19.115471020271098],[99.851241357518,19.1153668932151],[99.8510896514874,19.1148339815645],[99.8517090096236,19.1147123463829],[99.8521287181728,19.114663255321],[99.8524426294328,19.114624988960397],[99.8525923799466,19.1146048940856],[99.8527626070095,19.1145452783515],[99.8534586110135,19.1142275544144],[99.85349555046481,19.1141662971407],[99.85312210479881,19.1135653956756],[99.8529275122498,19.113645641680694],[99.8528065494594,19.113493596655495],[99.8526792447164,19.113424843257],[99.8525948303141,19.1133882019921],[99.85259072293222,19.1132859364244],[99.8534189865208,19.11295429891109],[99.8529853873033,19.112005607282498],[99.8528486807622,19.111774576144892],[99.8526123685318,19.1110097049939],[99.8525959310991,19.1108818871076],[99.85251281209861,19.110774503194495],[99.8524072759882,19.110313087170898],[99.8524132839928,19.110199437660796],[99.85178950859651,19.110239500202397],[99.8508256216626,19.110402719790702],[99.85040746431,19.110472887951296]]]},"properties":{"moo":11,"village_name":"โบสถ","part_label":null,"name_source":"village_moo_name_crosswalk.csv (สมดุลน้ำ 2568, ตรวจสอบแล้ว)"}},{"type":"Feature","geometry":{"type":"Polygon","coordinates":[[[99.81688139985681,19.062695808289167],[99.81567566902925,19.06247538560068],[99.8163481259778,19.0635526515245],[99.8183105150891,19.0667892235912],[99.81971818638,19.069111034180896],[99.8207033954187,19.070772080699598],[99.8252150982814,19.074447550082503],[99.8293472039554,19.0778360767943],[99.8307916274465,19.0790642890287],[99.8312316835295,19.0791723280566],[99.8314239611697,19.079542466647403],[99.8314028194127,19.0796522358631],[99.8314195528088,19.0797556966129],[99.8315439629211,19.0797984917224],[99.8316294795579,19.079773703916203],[99.8316775186811,19.079673173752592],[99.8317394506927,19.0796215177724],[99.8322444066866,19.079687529926296],[99.8324881535658,19.079825928377296],[99.832464659569,19.080059408394494],[99.83275824504382,19.0803586120822],[99.8327844634071,19.0804354377381],[99.8327846944793,19.080534944003297],[99.8327459279541,19.080619308842497],[99.8326157976592,19.080741530175203],[99.8334419855257,19.0811395388618],[99.8335223928564,19.0813706008906],[99.8334743211287,19.081487339661205],[99.8338699698623,19.0817585037532],[99.8343945103327,19.081905456998296],[99.8345415745827,19.082097702692096],[99.834715574904,19.0822571006194],[99.8348864173181,19.0822198528903],[99.8352504838701,19.082382517163293],[99.8353978449554,19.082357080853797],[99.836095453882,19.082513029864497],[99.83640446350512,19.083008719993096],[99.8362342461449,19.083488179567496],[99.8364394598979,19.084840649179796],[99.8361865430769,19.0855624941934],[99.8361563359707,19.0858753013567],[99.8362052423639,19.085958804004097],[99.8361926673399,19.086039792320992],[99.8364517437328,19.0867054317481],[99.8368643695649,19.0875360901001],[99.8370819787558,19.087884828838295],[99.8374416589868,19.088507402961],[99.8382197221558,19.0881998949165],[99.83921722847681,19.088336437571595],[99.8394069258353,19.088264591282897],[99.83966698194992,19.0882891177191],[99.8395572324059,19.0885802742894],[99.83953684132982,19.088911903169897],[99.8395707556102,19.0890436080342],[99.8397864199642,19.089150289416704],[99.8398265232522,19.089561833658],[99.8396144724961,19.0903063940222],[99.8396702758469,19.090272349104],[99.8425795982343,19.0897777189926],[99.8427492680227,19.090388278469],[99.8428533547353,19.091241531399],[99.8431529440093,19.0921126927981],[99.8433290924185,19.093038865306802],[99.8439042656497,19.094006339550397],[99.8440016549135,19.0942106998082],[99.8444016239672,19.094477825661293],[99.8456753603274,19.096218825545495],[99.8457644242723,19.09658359877899],[99.8457253010571,19.097876184290698],[99.8452264454264,19.098420251337895],[99.8450550808717,19.0985517100888],[99.8451262118523,19.0992905336663],[99.8453659607505,19.100208034464195],[99.845516224734,19.100380524530795],[99.8456890716027,19.100775267075996],[99.8460049157673,19.101880161012],[99.8464412823771,19.101855673286696],[99.8466292474943,19.1020576610896],[99.846751183955,19.1024506197931],[99.8468688121469,19.1031118202982],[99.8469709273204,19.1038595048455],[99.8470830233998,19.10423877775939],[99.8472884821665,19.1046469063886],[99.8474382549123,19.1052010190381],[99.847563980925,19.1057489361304],[99.8477585581798,19.1066028812248],[99.8479018492211,19.106762831812595],[99.8481897441136,19.106903245584494],[99.8486755819435,19.107054668321805],[99.8489152512248,19.107489037129596],[99.8490144174694,19.107465774185],[99.84919774779222,19.1074327740903],[99.8494997207211,19.107383749456595],[99.8496349052853,19.1073053034719],[99.849933921516,19.1071481879061],[99.8501225299793,19.1071782061101],[99.8501584578405,19.107223930269296],[99.8501823769412,19.107328298901596],[99.850224909604,19.1074766009715],[99.8503153320529,19.107548199664297],[99.8505694869922,19.107593100880695],[99.850661485754,19.107504410371796],[99.8508450168377,19.107423674647496],[99.8511373017213,19.1073794219944],[99.8513322116292,19.1075425648115],[99.8514329875042,19.1075412841476],[99.8515215823965,19.1074546732086],[99.8515581549072,19.107311833809792],[99.8516900064813,19.107283917576293],[99.8518342320244,19.107412267867804],[99.8519906848932,19.107637594808605],[99.8521316491807,19.107674277805003],[99.8523922561136,19.107672746046795],[99.8526954077835,19.1077469321128],[99.8531682193674,19.107723207377592],[99.8532781038928,19.1078059333329],[99.8533354444651,19.1079086150309],[99.8534633979703,19.1079035549214],[99.8535943933675,19.1078250235443],[99.85370467276232,19.1078853549405],[99.8540070946117,19.1079877685761],[99.8542435388471,19.107884620980798],[99.8544492008024,19.107680675646595],[99.8545939192841,19.107474829008897],[99.8546509660108,19.107341017765396],[99.8547323613507,19.10716690746869],[99.8548584865359,19.107127529652598],[99.8551843800008,19.1070702035692],[99.8554827035674,19.107022453933304],[99.8558582937796,19.106960674535795],[99.8560229023305,19.106901308266096],[99.8561810199618,19.1068888437418],[99.8563577709589,19.1068380727723],[99.8563771187186,19.106789816829902],[99.8563611556907,19.1065409802274],[99.8563675600717,19.1063519278992],[99.8557303579915,19.1053180123698],[99.8551517201983,19.1050263234478],[99.8549171333039,19.104882716631998],[99.8547993237648,19.1047207125637],[99.8546706824885,19.104509148067404],[99.8544464479077,19.104489101130998],[99.8542336725216,19.104524175259797],[99.8540968097408,19.104600705062996],[99.8539293389294,19.104523269446798],[99.85387782413942,19.104341062680195],[99.8537471638471,19.104227257338692],[99.8534399186046,19.104232535133193],[99.853220092006,19.1042514514155],[99.8531735179652,19.104167692252098],[99.8530274918339,19.103985588700297],[99.8529289076421,19.1037638159377],[99.8526987531149,19.1036138426351],[99.8524460859506,19.103521162391296],[99.8521912160672,19.1035141306495],[99.8520218585065,19.103558544943795],[99.8515680053737,19.1035451203282],[99.8515474446148,19.1031222275393],[99.8513466045023,19.1030221656577],[99.8513923319144,19.102890307737702],[99.8514744052083,19.1028007223378],[99.8514099933221,19.102661095804002],[99.8512920284636,19.102569869451695],[99.8514846236848,19.102546734518892],[99.8512948894513,19.1016261916148],[99.8510348430052,19.100701997810198],[99.8508520492122,19.100029320080495],[99.851490859891,19.0998928296236],[99.8513618178952,19.099241596755697],[99.8523235760294,19.099121688817895],[99.8523003724573,19.0981371759451],[99.8523740763057,19.098002050721497],[99.85230904195711,19.097755006123503],[99.8522614600131,19.0970414912589],[99.8522072425344,19.0964575394809],[99.85198868463772,19.0964231012262],[99.8511975478625,19.096574929893098],[99.8508568913158,19.0963690461956],[99.8504257721817,19.0963977126753],[99.850511837948,19.0962453145786],[99.8506247485029,19.096211962879895],[99.8508250487247,19.095914192589003],[99.8508101298706,19.095757779409197],[99.8506321467247,19.09512845830779],[99.8498453230545,19.092835417607297],[99.8495724248694,19.091946134024205],[99.84955441562721,19.0917856426738],[99.8494085551596,19.091628575283],[99.8488883223034,19.091699260392595],[99.84862649758,19.091615931439996],[99.8483405944972,19.091712086592704],[99.8477888184892,19.091757000786302],[99.8478720466374,19.091052154362995],[99.8479208417216,19.090545594490905],[99.8478285355613,19.090062329876005],[99.8478209309548,19.0897273605924],[99.8478539376864,19.089083872565798],[99.8478236111572,19.088735651577704],[99.84814830732871,19.088682904493396],[99.8487425877229,19.088446907938],[99.8492779482264,19.088212926037105],[99.849751295395,19.087977810058398],[99.8497628442529,19.087871886663596],[99.8496458117853,19.087628215002393],[99.8492633847538,19.086809612334495],[99.8489125037676,19.08607251904],[99.8485989803785,19.0852879017282],[99.848491801046,19.084968772794493],[99.8482644633337,19.0843199188767],[99.84744810896021,19.0833289654562],[99.8467776797519,19.0826246118122],[99.84641205466842,19.082155043684093],[99.845958919433,19.081729649729798],[99.8456834766215,19.0812960951208],[99.8455192537382,19.080964516031596],[99.8454445727341,19.0806943623017],[99.8453624121834,19.080384501719198],[99.8451271847056,19.079893774802205],[99.8450119737618,19.0795325762435],[99.8448520342113,19.079054464750396],[99.8448254449397,19.0787810767724],[99.8448658504326,19.078514021891795],[99.8448142254985,19.078240266194296],[99.8446764028376,19.078060451738402],[99.8452728436955,19.077829104654796],[99.8456568921858,19.077628910377996],[99.8452437513469,19.0769923001703],[99.8452982604152,19.076815078874493],[99.8457211885736,19.0764848113081],[99.8456090967413,19.0762558868979],[99.8449432054404,19.0759937120194],[99.8447377012164,19.0757853822496],[99.8448594546325,19.0749260609564],[99.8454240401776,19.074766400564098],[99.8437372542315,19.072390655281797],[99.8389027846541,19.0652995587677],[99.8382273948024,19.0642866512343],[99.8372567729561,19.0635400133105],[99.8368000551068,19.0632410097736],[99.8349665699382,19.0616035460763],[99.8321178301411,19.059740985891995],[99.8311927906601,19.059036007169496],[99.8306801919879,19.0583867054474],[99.8304024760318,19.058126763229495],[99.8289299044228,19.056106431596604],[99.8287250517092,19.0558397959907],[99.82690071979671,19.0548807702931],[99.8245962793074,19.0536395763955],[99.82006438816208,19.052498666455666],[99.81985695282782,19.05340622401801],[99.81880676779156,19.054521253172183],[99.8187857830441,19.055082814983763],[99.81876786999685,19.055558454372477],[99.81920866801396,19.056777124572108],[99.81942908178951,19.057879098048517],[99.81951014641288,19.058844979023583],[99.81947245698447,19.059739494200823],[99.8193593493209,19.060395481577],[99.81930260808558,19.06072498668342],[99.81877041578902,19.06131605876338],[99.81836966164134,19.061762143619376],[99.81787049256981,19.062053902648845],[99.81688139985681,19.062695808289167]]]},"properties":{"moo":11,"village_name":"โบสถ","part_label":"เขต2","name_source":"village_moo_name_crosswalk.csv (สมดุลน้ำ 2568, ตรวจสอบแล้ว)"}},{"type":"Feature","geometry":{"type":"Polygon","coordinates":[[[99.82979476834643,19.040778120347298],[99.82376919751461,19.04440514805398],[99.8259103421397,19.0455151707608],[99.8271785677904,19.0462045133732],[99.8293678791261,19.047330103953005],[99.8302918735571,19.047837127566],[99.8306575724709,19.0481026731526],[99.8324727244496,19.049792778859292],[99.8336081118203,19.0507103265322],[99.8344757848394,19.051534976980598],[99.8354135005352,19.055000668665304],[99.83596569703991,19.055292126204098],[99.8368915893078,19.05577155602679],[99.83812751419151,19.056617678503102],[99.83921636027242,19.057214622258392],[99.8410978177464,19.0578259312566],[99.8428126388687,19.0584777402474],[99.8445277376825,19.059019564188098],[99.8449549825192,19.0591436377698],[99.8450564428091,19.060190052170693],[99.84516671016071,19.0610898948788],[99.8455710423321,19.062544681707998],[99.8459469118157,19.0628263752338],[99.8458214531018,19.063431347864597],[99.8457875475458,19.0636292318752],[99.845891732437,19.0640964107586],[99.8458104415859,19.064457365915498],[99.8460508408138,19.064702127045898],[99.8464828249272,19.0645681487309],[99.8465405607013,19.064693796371497],[99.8466665627916,19.0646154297702],[99.8469640672608,19.064596783819795],[99.8473727053735,19.0647790083088],[99.8478411148094,19.065391681302504],[99.8478302627401,19.0657890858996],[99.8478714349892,19.066153281430203],[99.8481174922559,19.0665744008193],[99.8495435654289,19.066979206119395],[99.85045216448292,19.066815074835798],[99.8508677979213,19.0670760645024],[99.8510781463839,19.0670389850997],[99.85139397812101,19.0674482441837],[99.8516707433925,19.067681229857396],[99.8522194715543,19.0679741709541],[99.8527237539962,19.0684901214887],[99.8532650077567,19.069088577487502],[99.8539317771121,19.070439326233394],[99.85384357208811,19.070667262497402],[99.8538272250507,19.0710093539396],[99.8541737308001,19.071726577986798],[99.8543523298682,19.072480579416204],[99.854591507098,19.072711519805893],[99.8551340584934,19.0730371319152],[99.8553483371162,19.073515335877193],[99.8553664392231,19.0737357115657],[99.8549488012919,19.0739761323191],[99.8548237068403,19.074234208949804],[99.8548537200264,19.074554414356605],[99.8548927487244,19.075285118865096],[99.8551380261387,19.07601835562],[99.8546211045795,19.076249829521196],[99.8550964306805,19.0793413260793],[99.855250046214,19.080232747273698],[99.8556818902875,19.0825698706673],[99.8564640093682,19.083139704960097],[99.8567103320099,19.084716482967195],[99.8575574197397,19.084239873884204],[99.8584067138722,19.083823298418004],[99.8587696514108,19.083991074037204],[99.8588487082585,19.0841183633064],[99.85899422851911,19.0842572879437],[99.8591972831583,19.08448501187],[99.85965384565272,19.0845736419791],[99.8604373787617,19.084635674962204],[99.8606691044188,19.0846081287047],[99.8611714535281,19.084623879301297],[99.861412936857,19.0846642935909],[99.861602079998,19.0846149903238],[99.8616959553651,19.0846687628097],[99.86170770542961,19.0848077156495],[99.861811106979,19.0848910886645],[99.86186481239982,19.085135583623902],[99.8619804286038,19.085427671978803],[99.8621181576285,19.085596989141095],[99.8622469099088,19.0856790582461],[99.86233300932972,19.0858449369108],[99.8638111694588,19.086133400538195],[99.8637295068577,19.086519869074895],[99.8646839517443,19.086699278693803],[99.8647477187394,19.0866417836867],[99.8649284651149,19.086662927699994],[99.8652629084377,19.0867598159919],[99.8653444552513,19.086882214422005],[99.86538037899504,19.086999650691027],[99.86549695992359,19.08701679208482],[99.86568862924,19.0870365225044],[99.86586466332149,19.08706595227604],[99.86582591661667,19.086925801381266],[99.8659857408689,19.086678361917098],[99.8659347640946,19.086065866103105],[99.86659936985427,19.085950064150794],[99.8669686386007,19.0858331565983],[99.866974040179,19.0857482489715],[99.86703574539942,19.085514583171072],[99.86713851649854,19.085390669966337],[99.86734737772194,19.085131421661405],[99.86746696564647,19.084583964667413],[99.8675742365392,19.084446836769096],[99.8677546267734,19.084334562876396],[99.8679963034585,19.0842677472193],[99.8681370236545,19.0836208545663],[99.86820849040902,19.0833933656203],[99.86850064683385,19.08327763774636],[99.8684358415987,19.0831298627249],[99.8684021143565,19.0827400598332],[99.8684972005272,19.082680359891697],[99.8687122544404,19.082663430094097],[99.8689234903823,19.082379040902005],[99.86919819644875,19.082178079160983],[99.86928026202112,19.081981311766466],[99.8690710363474,19.081946593342792],[99.8689987785706,19.081853732736697],[99.8690257305909,19.0815843534406],[99.868945376684,19.081425371005302],[99.8689744166648,19.0812909750298],[99.8690239998613,19.081144835010004],[99.8692802283799,19.0811275278222],[99.8694989164166,19.080488166961096],[99.86962452643495,19.080463196916906],[99.87001523906154,19.08051163258802],[99.87024031386821,19.0803514865043],[99.8706586832953,19.0801595844884],[99.87074818064839,19.080009808951537],[99.87077911561451,19.079759103591787],[99.87072036241423,19.07956110857629],[99.87072335442917,19.079468199467904],[99.87073048234647,19.079205384173605],[99.87072940479666,19.07878361552177],[99.87078186932423,19.078625795946785],[99.87063154869074,19.078528543589535],[99.87058411780056,19.07845400661617],[99.8705921437601,19.078219357074918],[99.87064873808467,19.078146595474504],[99.87068495602708,19.07814215852403],[99.87089181310816,19.078119010495673],[99.8710151188305,19.0781344705964],[99.8710956233962,19.0780735283758],[99.871098815391,19.0778295225901],[99.87135285470838,19.077842023644354],[99.8717450009316,19.078100170554805],[99.87179443337976,19.078159791963884],[99.87195196084973,19.078349490859242],[99.87235754194015,19.07824796939438],[99.87260834284183,19.078107637780963],[99.87275546008863,19.077919692607928],[99.87299215354008,19.07789276844745],[99.8732802836715,19.0778137303742],[99.8735321004059,19.077761691079],[99.8735004926492,19.077495071072995],[99.87355543449144,19.077388896015197],[99.87346496502293,19.07712366830395],[99.8735367940361,19.076983530093095],[99.87351150608073,19.076818253823348],[99.8734684829948,19.0768005754834],[99.8734367365286,19.076500362132396],[99.8734360018717,19.076185420672303],[99.87347876558,19.075591248546694],[99.87355260643892,19.075167727489703],[99.8736754892536,19.0748404691846],[99.87387696659901,19.0744502028951],[99.8741010122455,19.074094361516295],[99.8742232138934,19.0739209411209],[99.87452666070432,19.0738375598678],[99.87487554233711,19.0737598255481],[99.875057736958,19.0737069770473],[99.8752072940245,19.0737008391747],[99.8753356341803,19.0736996958641],[99.8754551255789,19.0734029450673],[99.8757673661717,19.073397017593795],[99.8759382058943,19.073157929331597],[99.8759606545212,19.0729168508716],[99.8757643472935,19.072433176553698],[99.8756141460073,19.0720389871449],[99.875494721787,19.071811552462396],[99.8755147776667,19.071771003125296],[99.8754512172854,19.071144323849797],[99.8753799158444,19.0705596912054],[99.87538560805861,19.069841519052005],[99.8732134175869,19.070060158762896],[99.8731657472112,19.069942126543793],[99.87330131347662,19.069701361594095],[99.8733360144534,19.069488306671],[99.8729490097702,19.0694881826752],[99.8729202087718,19.069466129666395],[99.8729935729569,19.069324412614097],[99.8733263436823,19.068989892205405],[99.8734671213335,19.068559695647505],[99.8734466623306,19.068203585407595],[99.873324526021,19.067515141071798],[99.87338907933962,19.067335212499096],[99.8732512812909,19.0671189933521],[99.8730314025503,19.067029302695296],[99.8729267886933,19.0666881634865],[99.8727538712947,19.066536219225096],[99.8718731492335,19.066604230328995],[99.8718074579524,19.066257762023593],[99.8703994521872,19.066458620034496],[99.8691716959432,19.066629761504995],[99.8692770955334,19.0652153029747],[99.8690551378479,19.0631364945096],[99.8692524464258,19.0622454607041],[99.8691202693351,19.0617285896019],[99.8688705902359,19.0613382760328],[99.8669248221361,19.061418555584392],[99.866893510422,19.0611594265638],[99.8667586054578,19.06069827499219],[99.8666470424573,19.060334104859095],[99.8666888108246,19.059528411219297],[99.8666004093651,19.059142104458004],[99.8665924259832,19.058522709698003],[99.8667757443287,19.0581967262721],[99.86679050007471,19.056965735610504],[99.8670367139463,19.056464481383696],[99.8668550609765,19.0547300662972],[99.8667187557048,19.054312194384195],[99.8666689445855,19.054313250248597],[99.86665949215,19.054302456471795],[99.86620101515652,19.054400623656996],[99.8661632594471,19.054261370059702],[99.8661277225058,19.0541557616605],[99.8659560014604,19.054085687644],[99.865851667047,19.053942196498095],[99.8653223523616,19.05390456941119],[99.8652961964548,19.0539054688552],[99.8652831184239,19.053905918673596],[99.86485182229,19.053668327005493],[99.8647461748636,19.053401299324793],[99.8638147959016,19.052301664425105],[99.8632269637672,19.0525958621439],[99.8627342730721,19.0516906118908],[99.862340183345,19.051649433648404],[99.8602996224967,19.051217830786],[99.8596722539529,19.0508624646135],[99.8574427876573,19.048906677087693],[99.8556653340233,19.047340544823804],[99.8542670267096,19.0461758654127],[99.8521766904434,19.044340188104197],[99.8499553477811,19.043307148859995],[99.8490514420133,19.042879589784803],[99.8472281640414,19.042001215134995],[99.8459365059579,19.041432024536302],[99.8441964266028,19.040572138681704],[99.8430766636072,19.040048101865697],[99.8396520260225,19.038236163527397],[99.8364754966541,19.036369490300903],[99.8336509982684,19.034979127708404],[99.8316027713609,19.0337798879934],[99.8306398179345,19.033605455842103],[99.83052632045406,19.033575557328305],[99.8305435510972,19.03361817797284],[99.8309023502528,19.03416790954325],[99.83095879673684,19.034254408318475],[99.83113979196219,19.034875845690326],[99.83121920580874,19.0353564200377],[99.8312192694734,19.0354734188029],[99.8312048650145,19.036096626079605],[99.83122439604212,19.03650372697074],[99.83125660582658,19.037193256431305],[99.83195671129683,19.037854514069032],[99.83286428757685,19.038463849953803],[99.83296798560842,19.038904667618183],[99.83294207423272,19.03959826587082],[99.83171035628075,19.040453986807076],[99.8311301638959,19.040572066162298],[99.83024511685358,19.040778179983295],[99.82979476834643,19.040778120347298]]]},"properties":{"moo":12,"village_name":"ร่องคำดง","part_label":null,"name_source":"village_moo_name_crosswalk.csv (สมดุลน้ำ 2568, ตรวจสอบแล้ว)"}},{"type":"Feature","geometry":{"type":"Polygon","coordinates":[[[99.8560801695763,19.109834737412],[99.8563454889545,19.1102685078286],[99.8563685608762,19.110320243983796],[99.8564122997991,19.1105408377176],[99.8565647961906,19.1104872833684],[99.8566556470358,19.1107197012087],[99.8567966791444,19.110704517655204],[99.8568590967361,19.1108544839603],[99.8568958035151,19.110998157414098],[99.8572774742842,19.1108879027361],[99.8573903864556,19.1113268811012],[99.8574608341753,19.111494624719793],[99.8575359444432,19.1122471670505],[99.8575148143521,19.112304876029896],[99.8565430896235,19.112478083067597],[99.8565332493849,19.112674761831492],[99.8566112323877,19.1129114351316],[99.8568571551516,19.112887488642695],[99.8568757943378,19.1129068616434],[99.8569765535275,19.11309730941189],[99.8569905864834,19.113232573122595],[99.8571791578454,19.113295741990896],[99.8573173585119,19.113595171752504],[99.8573033758484,19.113614001709095],[99.8572901768672,19.1136332678544],[99.857520631871,19.114015818711497],[99.85759108083191,19.114104437745596],[99.8577428832143,19.1143740725713],[99.8580134319261,19.11432374466739],[99.8581414149744,19.114304179043803],[99.85823768867121,19.114393528901395],[99.8584550848519,19.114375658522],[99.8584722515869,19.1146719331936],[99.859301391995,19.114743794088994],[99.8593214389251,19.1148139567089],[99.8597952190155,19.114766364283398],[99.8602713629491,19.1146826139348],[99.86041531423,19.1146514035709],[99.8605566757335,19.114664284980297],[99.8606694509094,19.1147267450889],[99.8609154038721,19.115080374570795],[99.8610578829261,19.1149925865181],[99.8611170195085,19.1149356341717],[99.8635719831293,19.1141809988519],[99.8652256872097,19.113726702054194],[99.8659476576543,19.11356354041],[99.86611490821761,19.1138810261569],[99.8662235619472,19.113871392102805],[99.8662704896146,19.113967097643698],[99.8668029201837,19.113914468017295],[99.866872766276,19.114035444866197],[99.866950953843,19.114064529795105],[99.8670570608572,19.113988929200097],[99.8670490792706,19.1138540169661],[99.8670812686658,19.113813070063998],[99.8690568615843,19.1132688497242],[99.8690784301976,19.113295825720193],[99.8695314448745,19.113091569063993],[99.8696646016934,19.1131882295385],[99.87204267342779,19.11237518770052],[99.87186116057688,19.11235249848918],[99.87203941332989,19.11216126728866],[99.87170289763188,19.111784520964978],[99.87151502470306,19.111568563207904],[99.87117488422706,19.11122221248649],[99.87052753023234,19.110908450835627],[99.8702929073967,19.110836909059493],[99.86986608166818,19.110726976693382],[99.86967817210628,19.110701055305572],[99.86927299211807,19.110802340714937],[99.869081792994,19.110786160633232],[99.86893588633555,19.110724556618578],[99.86888734006436,19.11066626561474],[99.86875758910853,19.110552774098753],[99.86866599696599,19.110415033100626],[99.86857960850892,19.110267649014343],[99.86848212220488,19.110131446314316],[99.86835245377509,19.110017952647716],[99.868212149376,19.1097928540641],[99.8676818014219,19.109343933581595],[99.8671912910363,19.108758334432896],[99.8666405046332,19.107896257876796],[99.86629330744252,19.107526092823697],[99.8658303555992,19.1071976532538],[99.8655899029674,19.107191394381392],[99.8655659953031,19.1072000620571],[99.865294319009,19.107256115719597],[99.8649830018104,19.1072581327419],[99.8649040746521,19.107221475901397],[99.8644219860412,19.1074082504351],[99.8636885702734,19.107447033229505],[99.8634927970585,19.107251460234195],[99.8633087527691,19.106948024684197],[99.8631086670984,19.107037655540598],[99.8625918566346,19.107270305375305],[99.8625727076592,19.107287704592203],[99.8614603788786,19.107537536332295],[99.860330420501,19.107867800752196],[99.8603270001476,19.107912016696698],[99.860187367339,19.1079000961929],[99.8600522004643,19.1078851147933],[99.8596188867136,19.108012020836295],[99.8592925790813,19.108120782351005],[99.8590040360531,19.1082163339778],[99.8585747742498,19.10838032528279],[99.8581997348183,19.1085643860522],[99.8576934040713,19.108741012743092],[99.8577125654073,19.108853854611798],[99.8569111408537,19.109192344988795],[99.8570089812208,19.1095472087161],[99.8560801695763,19.109834737412]]]},"properties":{"moo":13,"village_name":"ไร่สันจำปา","part_label":null,"name_source":"village_moo_name_crosswalk.csv (สมดุลน้ำ 2568, ตรวจสอบแล้ว)"}},{"type":"Feature","geometry":{"type":"Polygon","coordinates":[[[99.8575677232499,19.084241809049],[99.8567057776609,19.084721336589293],[99.856966821296,19.0854100732034],[99.8573159249978,19.086125068723298],[99.8575762755467,19.0862527134004],[99.8577378542331,19.0866324270983],[99.8582588837223,19.087698159737997],[99.858451207875,19.087863026132297],[99.8586402018355,19.088014847572303],[99.85876949826222,19.088382340143994],[99.8589654091784,19.088680853977298],[99.8592219967123,19.0891019654571],[99.860198207501,19.0909498661285],[99.860300645758,19.0910754067536],[99.8605205760636,19.091276317715305],[99.86060980135862,19.091523152677997],[99.8607791723132,19.091819846575596],[99.8612769924286,19.091807753246997],[99.8615443763054,19.0919073054642],[99.8615480732593,19.0921630726012],[99.8613526039839,19.092616516177994],[99.8613379356558,19.092884564800492],[99.8612877588774,19.09335882163939],[99.8612170358143,19.0936409694729],[99.86110766773142,19.093995206286596],[99.8610122597555,19.094321633576694],[99.8609392143428,19.0948369100061],[99.8630579198665,19.094813103864105],[99.8630863204193,19.094917138915996],[99.8637830454198,19.095013738850003],[99.8636405823073,19.094787443496298],[99.8635810416266,19.094660873715902],[99.864093570459,19.094727680499798],[99.864506053847,19.094757209207696],[99.865371353853,19.0948522795183],[99.8656465137598,19.0949262639191],[99.86578144751421,19.0949098919034],[99.865820004718,19.094955844540895],[99.8659038763425,19.0949585079418],[99.8659562364392,19.09490656542],[99.8664325278865,19.0949510696988],[99.8666710102334,19.0950001314154],[99.8673507450838,19.095125856969794],[99.8676058117592,19.095182130577292],[99.8680711841386,19.095283033021992],[99.8681387133678,19.095102329314695],[99.8682223066328,19.0948149944053],[99.86834300949751,19.094551808613495],[99.8683906499013,19.094301649287498],[99.8683813183036,19.094170010859003],[99.8682785718995,19.093931880172402],[99.8682180587129,19.093703087230896],[99.8681423148618,19.093406303669898],[99.8680676639858,19.0931591487899],[99.8678409302399,19.092854947389398],[99.86774646532871,19.092671922771306],[99.8677082807375,19.092470228491504],[99.8676845221029,19.0921472621565],[99.8676354133727,19.091707181675197],[99.8675361838826,19.0910908412351],[99.8674885816077,19.0907140528951],[99.8675635019237,19.090538352018193],[99.8674949897701,19.0903813793679],[99.8673966639357,19.089782769219998],[99.8673874806515,19.0895117088755],[99.8674359047271,19.089391799406588],[99.8675085928499,19.089189991351002],[99.8672101492533,19.089095004505797],[99.8669394321706,19.089087202538092],[99.8664443442756,19.089108146346895],[99.8660871329271,19.0891554248915],[99.8661525987584,19.0889618673535],[99.8662802623098,19.088809283362597],[99.8661445776259,19.088707414578398],[99.86614747140712,19.0884881208856],[99.86585351463542,19.088478482540896],[99.8658883452243,19.0882352833243],[99.8656865487516,19.088206298803698],[99.8655911886173,19.088390282928497],[99.8652872321408,19.0882296199244],[99.8652878232558,19.0881454396182],[99.865240896993,19.087944927611595],[99.8652129171151,19.0878344535886],[99.865209820962,19.0876431932402],[99.8652370680788,19.087434922489994],[99.8654208805229,19.0873522721854],[99.8654706036234,19.0872816178638],[99.865426497775,19.0871470648105],[99.8653393497828,19.086868508317696],[99.8652604778032,19.086760518094],[99.8649206344121,19.086663740241796],[99.8647443335937,19.0866381813499],[99.86467941347901,19.0866964795594],[99.8637181820569,19.0865278132588],[99.8638094907391,19.0861326467916],[99.8623307988959,19.0858410989015],[99.8622493699682,19.085681086647398],[99.8621192414991,19.085601289207197],[99.8620160104764,19.085477871643796],[99.8619262017542,19.0853102618919],[99.8618469626641,19.0851069982065],[99.8618049991657,19.084886885337795],[99.8617044034758,19.084808455188398],[99.861701805508,19.084679137460807],[99.8616129128051,19.0846161503988],[99.8615241347265,19.0846327492404],[99.8614117189288,19.084668705718393],[99.8611597040898,19.0846203617134],[99.8607453699482,19.0846054264821],[99.8604291209326,19.084624292380298],[99.859891465864,19.084601158700597],[99.8594418116166,19.084550220599496],[99.85920081174311,19.0844907210341],[99.8590896858318,19.084371056748097],[99.8589495263106,19.084198169479098],[99.8588614126569,19.084121008145498],[99.8587678657844,19.0839961152977],[99.8584201942033,19.083825219226195],[99.8575677232499,19.084241809049]]]},"properties":{"moo":15,"village_name":"ร่องคำศรีชุม","part_label":null,"name_source":"village_moo_name_crosswalk.csv (สมดุลน้ำ 2568, ตรวจสอบแล้ว)"}},{"type":"Feature","geometry":{"type":"Polygon","coordinates":[[[99.8548589480133,19.121807075123396],[99.8549153486984,19.1222803592674],[99.8541585341975,19.122012821673994],[99.85408109952822,19.122154828118198],[99.8541586155165,19.122452937522],[99.85426982564532,19.122839404631502],[99.8543668274628,19.1233214075237],[99.8543949349975,19.1235027241768],[99.8543710574587,19.12383473338],[99.8543481236128,19.124194293597103],[99.8544657231293,19.124538984115393],[99.8546300249827,19.124978720412194],[99.85477240145941,19.125282777995196],[99.855033627257,19.125830194848696],[99.8553007830494,19.126456709102705],[99.8554199641683,19.126778690043594],[99.8555666695511,19.1271522964717],[99.8557803748264,19.127449230097497],[99.8559369000301,19.1279365044798],[99.8557964295468,19.1283646656834],[99.8557643356664,19.128475167980596],[99.8558869968997,19.1289856402658],[99.8561393533564,19.129529672327795],[99.8563878599848,19.1300423376018],[99.856583172199,19.1304801202507],[99.8565927137845,19.1305115715764],[99.8569267415492,19.1305726044329],[99.8569781124261,19.13057083961459],[99.8572843698323,19.130685248181802],[99.8574694820305,19.130848388301697],[99.8576648644887,19.130778413940696],[99.85771479610241,19.130791447402796],[99.8578009187552,19.1307839027563],[99.8579372712966,19.130834319914],[99.8579615236623,19.130976198292597],[99.8580087864154,19.131154029545097],[99.8580544997459,19.1313253485286],[99.8582098623036,19.131601009200196],[99.8583221300791,19.1318275742978],[99.8583481348026,19.132018102293298],[99.8583427164389,19.132283719587097],[99.85833723103214,19.132468316009728],[99.85855400678335,19.132653566331285],[99.86015665581402,19.132200857269726],[99.8602017698982,19.132093610138636],[99.86014415964206,19.13159150029438],[99.8599383894397,19.131173274733705],[99.8597195252411,19.1306762472479],[99.8590486738998,19.130712435919897],[99.8589575189735,19.130611341762197],[99.8586888569779,19.1306152900696],[99.8583152821382,19.130739529172597],[99.8580188248891,19.1307383368389],[99.8580169057531,19.130480263764497],[99.8580352828279,19.130145055069793],[99.8580294379541,19.129858511992996],[99.8579823033469,19.1295365573486],[99.85790992688061,19.129086715308702],[99.8579197006831,19.1289622365453],[99.8578610150929,19.1288207009815],[99.85778759971932,19.1285941347149],[99.85778771395051,19.128586256043203],[99.8577879419813,19.1285705432932],[99.85779160612101,19.1285244125353],[99.857782035517,19.1284579449214],[99.857933756998,19.1284158203113],[99.8578044562201,19.128115079566395],[99.8578166504391,19.1280252209275],[99.8577632976454,19.1278446402325],[99.8577844883866,19.127600051280695],[99.8578148198345,19.1274859219739],[99.85779404958852,19.127370983850895],[99.8577049838455,19.127281380937998],[99.8577172688523,19.127184227551197],[99.8577072286573,19.1270925141954],[99.8577028814819,19.127008724544],[99.8578003934416,19.1266994801924],[99.8577698719734,19.1265857842927],[99.8577798972036,19.126525974492797],[99.8577392068486,19.126251292802596],[99.857737833173,19.1260847000926],[99.8577521217506,19.125764282927705],[99.857211813677,19.125772993180796],[99.8572572256597,19.125416405499696],[99.8572798395506,19.1249112369338],[99.857300263177,19.1245592147236],[99.8577305876165,19.124582512775596],[99.857748703133,19.124528645634793],[99.8577092903253,19.1244518349698],[99.8576721780203,19.1243261633753],[99.8576643433604,19.124277068887793],[99.8576403633661,19.124116815308692],[99.8575447391565,19.1240915303833],[99.857445424291,19.123725960103],[99.8573135809987,19.123309711359997],[99.85729223007021,19.123124581150396],[99.8567483952984,19.122903003674203],[99.8573254126512,19.122661538270805],[99.8572385627805,19.122487189847007],[99.8571909091623,19.1223494533043],[99.8572839543698,19.1223171343563],[99.85722062755401,19.1220778734141],[99.857180767287,19.122058228348504],[99.857149167776,19.121911927802895],[99.8571793144723,19.1218924757288],[99.8571547491148,19.1217285042274],[99.8570504367281,19.1214628174992],[99.8575246013806,19.121317198943302],[99.8575972966007,19.121293766858898],[99.8578465755317,19.121212525109],[99.8580378111245,19.121240389543296],[99.8594429981829,19.12086427661629],[99.859511960077,19.121186116441596],[99.8595224742386,19.1213429878323],[99.8596396631463,19.121512196117695],[99.859655199872,19.121754488048],[99.8599205216127,19.121750582980294],[99.860617798443,19.1217422742123],[99.8606679429723,19.121901266511305],[99.8615383727027,19.1217719773232],[99.8616579217026,19.121728809820702],[99.861692011686,19.1217356417698],[99.8620771697405,19.121827184056198],[99.8625759726565,19.1219125026194],[99.8629037277024,19.1219021488585],[99.862978974567,19.121828376094896],[99.8631657974122,19.1218137781645],[99.8641678265967,19.1214557664677],[99.8647822925041,19.121304976375296],[99.86483777165631,19.1212642847256],[99.8650324242673,19.1213472861451],[99.8654324640917,19.121514117640796],[99.8655437333363,19.12152896209],[99.8656920051632,19.12155421873519],[99.86607818303861,19.1213868829789],[99.8661733464262,19.1213440946354],[99.86606564730461,19.1211579313333],[99.8657509504012,19.120308565232094],[99.8654694369833,19.1202361244359],[99.865336296015,19.119970280810396],[99.8649797705875,19.1195402682699],[99.8649312627628,19.1194729535313],[99.8646746325553,19.119078070809397],[99.8645582160576,19.118861993594997],[99.8644278092827,19.1186688665283],[99.8636886739697,19.1188574230846],[99.8636009688823,19.11859465972019],[99.8634753518413,19.118610533972696],[99.8632262908893,19.1186585533073],[99.863060739756,19.118700738452805],[99.8629273253125,19.118767840627896],[99.8626226460167,19.118864228125798],[99.8624849786114,19.118977964312997],[99.8623042637226,19.119108046424202],[99.8620687353969,19.1192316015596],[99.8616653157526,19.1194006896919],[99.8612954888153,19.119559404871904],[99.8610505289376,19.1196586291857],[99.8606289280105,19.119647467821896],[99.8605039805857,19.119404323622696],[99.8603199811756,19.1192634047325],[99.8599199978071,19.119139860133405],[99.8596257835193,19.1190182379682],[99.8592495732068,19.118911483765903],[99.8591053567047,19.1188361088903],[99.8587978168026,19.118657334981204],[99.8587575842155,19.1185285573848],[99.8586360274827,19.1184552622136],[99.8580893212256,19.117996564012895],[99.8580412207091,19.1180393113511],[99.8579657941746,19.118078727318],[99.8578798310267,19.1180594499578],[99.8575121180962,19.11755310272339],[99.8571941205808,19.1176841406545],[99.8571502487765,19.1176905749629],[99.8560442660217,19.118075262529395],[99.855996641071,19.1180783624225],[99.8559131279501,19.117918319553496],[99.8557294695244,19.117987521235197],[99.8555610271056,19.118060758247598],[99.8553982577603,19.118113117673804],[99.855203852197,19.1181654761088],[99.8550475233474,19.1182222788248],[99.8549165177684,19.1182790783955],[99.8546838885248,19.118407188243996],[99.8545037322289,19.1185170913611],[99.8543795742057,19.118606928026793],[99.8540766401181,19.118602004102595],[99.8538944636503,19.118653986273195],[99.8536411733582,19.118734056803596],[99.853302548005,19.118826816354602],[99.8529921835728,19.1189215502168],[99.8529968377973,19.119026759703203],[99.8532301056653,19.119349893726696],[99.8533949389474,19.1192786402682],[99.8535476402192,19.1194324177456],[99.8541982721716,19.1203633689465],[99.8544288936743,19.120641388882504],[99.8548254595132,19.121520386158096],[99.8548589480133,19.121807075123396]]]},"properties":{"moo":16,"village_name":"แม่นาเรือปง","part_label":null,"name_source":"village_moo_name_crosswalk.csv (สมดุลน้ำ 2568, ตรวจสอบแล้ว)"}},{"type":"Feature","geometry":{"type":"Polygon","coordinates":[[[99.8491253218099,19.115012844609396],[99.8492021536106,19.1150782272897],[99.8493553246446,19.115205811993093],[99.8493671473005,19.1153478652353],[99.8496819291273,19.115369136975],[99.84974305314691,19.115474684512794],[99.849787567656,19.115571841098998],[99.8500173346344,19.1159529764467],[99.8500885504906,19.116326446733304],[99.8504239592888,19.1169719627371],[99.8503207915086,19.1170195179859],[99.8503750589928,19.1171749556584],[99.8505873564834,19.1177055015085],[99.850523714847,19.117762396620897],[99.8504702434615,19.1178673681953],[99.850645034542,19.1183760514874],[99.8507145987805,19.118588961124402],[99.8507753641316,19.118853122582397],[99.85078410767072,19.118898152237502],[99.8507768551926,19.119748434579602],[99.8508836368517,19.120051247405502],[99.8508895778325,19.1201351501107],[99.8510583317507,19.12126534933479],[99.8506855613262,19.1213480653898],[99.8506885284319,19.121539013711295],[99.8505969419867,19.1215240501436],[99.8503432502744,19.121544361858994],[99.85004856612281,19.1215293456844],[99.8501197127039,19.1211810562239],[99.8493954374262,19.120946452798197],[99.8491937599523,19.121174631025795],[99.8490775740985,19.1211988191918],[99.8489595416669,19.121254507120096],[99.8487274799086,19.1213043993658],[99.8488050623533,19.1214521478651],[99.8488936083701,19.1217526629746],[99.8488801152004,19.1219578187652],[99.84868360069942,19.122030465458998],[99.8486259680345,19.1222299304379],[99.848588287531,19.122469841461],[99.8486019851498,19.122632692521],[99.8487553167493,19.1227873429731],[99.8488461461612,19.1229806990512],[99.8489083154293,19.123222212236396],[99.8489310614266,19.123460059864392],[99.8489842023373,19.123949860548496],[99.84918294360601,19.1245554565092],[99.8492305381166,19.124719125787202],[99.8492294641519,19.124896573668696],[99.84924402184791,19.125218350152995],[99.84947285734341,19.1251812984564],[99.8498348845584,19.125042410418803],[99.8498342102883,19.125203452036498],[99.8498299871421,19.1253867369416],[99.8497434520254,19.125654888345295],[99.8497527660117,19.1256719169075],[99.8498652204985,19.125973874433],[99.8500323681641,19.12622955578],[99.8502485665985,19.1266458409851],[99.8504175383187,19.126924977293005],[99.8506395932208,19.127197531640302],[99.8507154983383,19.127294930186096],[99.8508093050106,19.127512962075095],[99.8508423922935,19.127748788341],[99.8510073068459,19.1278769447672],[99.8511199016491,19.1279621984336],[99.8511813754899,19.1280810046055],[99.85142096284662,19.128495373467803],[99.8515294332372,19.1286374328378],[99.8517202897954,19.1290935842627],[99.8517846927322,19.1297973675767],[99.8519252337445,19.130317922932196],[99.8520401649295,19.130714319462204],[99.8521149195453,19.1309704247329],[99.8522768629708,19.1313615778809],[99.85237057620195,19.132369707976768],[99.85241925238788,19.13237713085585],[99.85248756691173,19.132406502064462],[99.8525060087845,19.13245195413466],[99.85251270142207,19.132504639852815],[99.85253588017115,19.132555861866585],[99.85258307576254,19.13259407081273],[99.85268695426664,19.132613566093593],[99.85283286647676,19.13260401092584],[99.85298093165603,19.132558931225255],[99.85319604805778,19.132439320750557],[99.85346764270231,19.132346499958953],[99.85353830894961,19.13235061131867],[99.85358041028786,19.13236317892203],[99.8535969856779,19.13254955274009],[99.85371140162516,19.133682292512717],[99.85382200831269,19.133718542002292],[99.85388633443807,19.133727884950776],[99.85400004496339,19.133679356985986],[99.85415253579568,19.133646810675835],[99.85418710160158,19.133641517186806],[99.85440240536401,19.133607915907277],[99.85452654460886,19.13357924666884],[99.85483722414702,19.13352238090517],[99.85505723246013,19.133502491089835],[99.8551547584301,19.13350703183783],[99.85524365651968,19.133423381539476],[99.85526102869261,19.133395555115857],[99.85538659387642,19.133289537719758],[99.85542720266083,19.133267291057347],[99.85547327689451,19.133257643226507],[99.85555187694806,19.133243404773392],[99.85565458581438,19.133234048333357],[99.855742770303,19.133238632236583],[99.85581999632154,19.13326934798726],[99.8559424724408,19.13327210747554],[99.85597711586234,19.13331023520561],[99.85602732537215,19.133338302047008],[99.85607879133482,19.13335526477322],[99.85613031449955,19.133383325470277],[99.85616378460062,19.133420348799362],[99.85623633724693,19.133450531212972],[99.8563787219945,19.133474507586897],[99.85643074731166,19.133476677956264],[99.85645546857307,19.133515406708913],[99.85649680248535,19.133633826766694],[99.85651856170108,19.13366424561595],[99.85652643192223,19.13371859038913],[99.85657325809035,19.133769840428457],[99.856622036831,19.133831763425395],[99.8566313750839,19.133890796438898],[99.85664244089536,19.133939043952243],[99.85666124094222,19.13396170779055],[99.85667323447738,19.134136310629078],[99.85668567244939,19.134170657262427],[99.85680291044969,19.13428969471763],[99.85685217023283,19.134331638552226],[99.85691013821527,19.134363969555555],[99.85697049094625,19.13440586166634],[99.85699507793285,19.1344185100748],[99.8570300852408,19.13441390763234],[99.85707075627701,19.134375429128983],[99.85711333340836,19.134366907004267],[99.8571677676505,19.134393289085597],[99.85729835206988,19.13449631026367],[99.85730402470521,19.134577301028276],[99.85733265860485,19.13461046228168],[99.85736656413646,19.13461862789549],[99.85740443337913,19.134602913790193],[99.85750765229686,19.134579126191372],[99.85756293350913,19.13454335401659],[99.8576667793264,19.13455618762218],[99.85774812180222,19.134592432450262],[99.8577698297988,19.134612862953016],[99.85779843496606,19.13461217461212],[99.85782525423515,19.13460483564953],[99.85782195394388,19.134531047704147],[99.85772906947388,19.134407874231265],[99.85769584746062,19.13430592530652],[99.85766563073732,19.134107546332174],[99.85903062001933,19.133194379329293],[99.85909152670041,19.133032892810153],[99.85898452662562,19.132974433174926],[99.85884664774903,19.132929103495012],[99.85872893704561,19.132847279710123],[99.85862155211208,19.132755049299874],[99.85855400642771,19.132653566468427],[99.85833932088178,19.13247101915456],[99.85833611529212,19.132092193893396],[99.8583178756763,19.131830343734702],[99.858055881925,19.131340857007498],[99.85797769655241,19.131026026473602],[99.8579401686756,19.1308306222819],[99.857798436405,19.130784175806195],[99.8576524263159,19.130778455749],[99.8574873676212,19.1308546977883],[99.8572562415286,19.130681137948198],[99.8569861603217,19.130579595564196],[99.8565919857385,19.1305107904057],[99.8565918378729,19.1305014379241],[99.8565784689565,19.130461055160698],[99.8558389344773,19.1288862628253],[99.8557643671653,19.128486492336396],[99.8559160633886,19.128018194942797],[99.8559356186062,19.1279104556803],[99.8557927438626,19.127481777456694],[99.85578340117702,19.127457447657704],[99.85555415297381,19.1271418370056],[99.8552416674772,19.1262892231081],[99.8546238511361,19.1249651247336],[99.8543452739566,19.1241997684262],[99.8543922362985,19.123492069940603],[99.854268622692,19.1228337613502],[99.8540803018499,19.122170109978498],[99.8542048872734,19.1219147949716],[99.8543089821042,19.121690544105203],[99.8543024990634,19.1214445389117],[99.8542588601271,19.1212407698359],[99.8539893032995,19.120968197461398],[99.8538688478561,19.1208425492534],[99.8537115596798,19.1205116819808],[99.8535333246365,19.1204016866222],[99.8533527944453,19.120300063489296],[99.8530615081598,19.120067722821894],[99.8530511081543,19.119855053127896],[99.8530831602279,19.119649793537597],[99.8531826976944,19.119458080773903],[99.8532120272621,19.1193478507605],[99.8530013508126,19.1190391852972],[99.85297408053032,19.118968450567497],[99.8528848978832,19.118861332951298],[99.8528931774072,19.118792841336205],[99.8529290009393,19.1186729003279],[99.852925790073,19.118563288734197],[99.8529003475808,19.1184377844249],[99.8528517697358,19.1183280320237],[99.8527746992104,19.118217467746202],[99.85264881680992,19.1181592774411],[99.8525877652217,19.118109640673797],[99.8524937516352,19.118019273982803],[99.8522847676298,19.117752474093702],[99.8521868992071,19.117477736004698],[99.852096119338,19.1172539738748],[99.85205490838221,19.1170860763121],[99.8519381387429,19.1169949605649],[99.8515975634634,19.116420784155196],[99.8514170113819,19.1161133446624],[99.8513260497004,19.115854376761295],[99.85127115320321,19.115708535317204],[99.8512675669877,19.115498212351095],[99.8511746927884,19.115384392141596],[99.8508197309338,19.115501453816197],[99.8506386365785,19.1155358157036],[99.85053521118262,19.115513091914796],[99.8504103435275,19.1154788746171],[99.8502512392913,19.1154775176688],[99.8500591215539,19.115475802002198],[99.8499358691831,19.115460368696198],[99.8499122885111,19.115268215090996],[99.8498968462481,19.115247320859304],[99.8498696543812,19.115003866459],[99.8496860628281,19.114868818998396],[99.8494097826011,19.1147606896086],[99.8493160494207,19.1148186864952],[99.8491253218099,19.115012844609396]]]},"properties":{"moo":17,"village_name":"แม่นาเรือสันทราย","part_label":null,"name_source":"village_moo_name_crosswalk.csv (สมดุลน้ำ 2568, ตรวจสอบแล้ว)"}},{"type":"Feature","geometry":{"type":"Polygon","coordinates":[[[99.8462331397704,19.11250304773541],[99.8456486967561,19.112762875827496],[99.8456679808563,19.112902417605195],[99.845789427046,19.113180469071697],[99.8458824239784,19.1136094798787],[99.8459336279548,19.113773327777096],[99.8461465900399,19.11417659048669],[99.8468836627586,19.114174406785498],[99.8471293097925,19.1142185370286],[99.8478163449954,19.1142343739888],[99.8479655495296,19.1142810396801],[99.8481056752068,19.114469807147003],[99.8482278312584,19.11455234570329],[99.84833586775241,19.114664345917305],[99.8484200804176,19.114655740297305],[99.8484684659833,19.1144369096886],[99.8484813019229,19.114214521860003],[99.8485740878285,19.114154710185495],[99.8488998242854,19.114089872180593],[99.848914971852,19.113881161930404],[99.848925003107,19.113692916797298],[99.8489190701113,19.1134527348313],[99.8489003559823,19.113237236221096],[99.8488425135579,19.1130542423221],[99.8488771671734,19.113022357253904],[99.8489446220532,19.113024372776092],[99.8497812133749,19.1130279011412],[99.8497833901339,19.1129209875481],[99.8497921196497,19.112683601249103],[99.8497695822463,19.112448008478495],[99.8496903667467,19.1122009041779],[99.8495653185948,19.111989415854296],[99.8494987067991,19.111739143590203],[99.8493870898016,19.111279218791402],[99.8493504142942,19.1110056812415],[99.8494761812465,19.110975528147197],[99.84970429760331,19.1109365928722],[99.8496861253799,19.110851407240997],[99.8496353888898,19.110527740543798],[99.849665146924,19.1103340550968],[99.8496859096295,19.1103171773394],[99.8496801245504,19.110170391500294],[99.8496212102731,19.109750958821195],[99.8495429574743,19.109399173425196],[99.8494437602318,19.108991187900397],[99.8493658641609,19.108618737567397],[99.8491897404077,19.1080886487716],[99.8490409867769,19.107703309313095],[99.8486279984266,19.1070661781632],[99.8481548441019,19.106911625616398],[99.8478987338781,19.1067455563472],[99.84777619552192,19.106578961469],[99.84764207850121,19.106063258111597],[99.8475664870107,19.1057301420466],[99.8475236596613,19.1056165759986],[99.8474257413961,19.1051553429038],[99.8472720947378,19.104639126600205],[99.8470683288197,19.1042253016333],[99.8469688083825,19.103793359409],[99.8468261082358,19.102932063951798],[99.8467446115079,19.102444938905396],[99.8466123970775,19.102053524870797],[99.8464346742655,19.101832467509105],[99.8460082621454,19.1018877227475],[99.8459084929555,19.101590771837895],[99.8456957184991,19.100805802167205],[99.845526228958,19.1004132648157],[99.84537958741751,19.100200687367398],[99.8451180115045,19.099284961503198],[99.84504716217901,19.0985634072181],[99.8451894400362,19.0984413697098],[99.84572866851221,19.097881829220697],[99.84572717528292,19.097061725496303],[99.8457526976474,19.0965310881699],[99.8456699040819,19.0962280735453],[99.8444111917906,19.0944817899639],[99.8439880674771,19.094200749961797],[99.8439159033384,19.094025299305102],[99.8433447489908,19.093066891042202],[99.8431649720995,19.09214360740419],[99.8428883726861,19.091368986741898],[99.8428282417851,19.091085680822697],[99.8427608562595,19.090514806986498],[99.8425942530523,19.0897808631952],[99.8395987418338,19.090291721623295],[99.8364800062534,19.0908937035764],[99.8367037977417,19.091385107196388],[99.8372167556012,19.092008107564794],[99.8374121796758,19.0924045353694],[99.837545565865,19.0934240233153],[99.8375473639918,19.094025051284596],[99.8375364073909,19.095806713904494],[99.8371520430362,19.097004486064595],[99.8373308681392,19.0971168056458],[99.837470216145,19.097589667581403],[99.8379942035523,19.0981267519774],[99.8386695865565,19.098320908017808],[99.8391866045971,19.098755334398597],[99.8395925560819,19.0993202361007],[99.8398247073874,19.0998206172312],[99.8406715146983,19.100232434502797],[99.8418707543085,19.1011700318812],[99.8423014749341,19.102199501018898],[99.8426015313591,19.102151995010793],[99.8430062651567,19.103403974834197],[99.8432684760229,19.1040138905212],[99.84354277173881,19.1046349909722],[99.8438677459507,19.1050313749406],[99.8437759642101,19.1053444731569],[99.8434991161553,19.105585395105198],[99.8432293059162,19.105582873843595],[99.8431230601386,19.1056175459472],[99.843406440524,19.105999384793297],[99.844093324633,19.106845027160798],[99.8441520046694,19.1068530908005],[99.84421634849541,19.1072300509068],[99.8443768232204,19.107562912108698],[99.8443654195591,19.1075649664078],[99.8443535128559,19.107582581811304],[99.8445522583202,19.1082129929862],[99.8445250729238,19.1082437806152],[99.8446987996799,19.108952567221497],[99.8448059279344,19.109228980016493],[99.8450174252073,19.109208110391997],[99.8450862657475,19.1094807481087],[99.8451527045882,19.109826474881995],[99.8451810885094,19.110014999399503],[99.8451863297342,19.110145151167398],[99.8452323433152,19.110342306953896],[99.8452770028216,19.110457487429997],[99.8453356020649,19.110531989739403],[99.8455475373029,19.111124930714297],[99.84568420894291,19.111656863033105],[99.8458152808466,19.112016293610196],[99.8462331397704,19.11250304773541]]]},"properties":{"moo":18,"village_name":"เหล่าพัฒนา","part_label":null,"name_source":"village_moo_name_crosswalk.csv (สมดุลน้ำ 2568, ตรวจสอบแล้ว)"}},{"type":"Feature","geometry":{"type":"Polygon","coordinates":[[[99.83517208574182,19.026895643611052],[99.83526283764739,19.02725866825899],[99.8348481183578,19.027531189924588],[99.8338880998466,19.027842828129167],[99.83353806814328,19.028270093859952],[99.83201818245641,19.029576200394775],[99.83049128465699,19.030885039511187],[99.83001188974283,19.03174152648106],[99.82997333666685,19.03248998051342],[99.83027110983727,19.032944032534804],[99.83052632041574,19.033575549621236],[99.8315278794639,19.033726933062496],[99.8354600428402,19.0359130072585],[99.8378110620268,19.037123296900393],[99.84311113563221,19.040024190931305],[99.8461252471548,19.0415327653381],[99.8472780572715,19.042032673212898],[99.8496159913483,19.0431180414593],[99.8523434170979,19.044375249086396],[99.85537286788701,19.0469661639457],[99.8562466009124,19.047713897282897],[99.8568770677467,19.048363735885],[99.8584127359154,19.049682308836797],[99.8602814309481,19.0511950105871],[99.8627490276514,19.051683090419697],[99.86322906106531,19.052579250232196],[99.8638355991857,19.0523126336836],[99.8647660710741,19.053403398927294],[99.864876716191,19.053652776566196],[99.8652884000749,19.0538915982556],[99.8658766999015,19.0539170362188],[99.8659574281798,19.0540742900734],[99.8661729270027,19.054163366671695],[99.8662121311944,19.0543693683076],[99.866566594706,19.0543249228809],[99.8667130044092,19.0543249598485],[99.8667597418261,19.054476693233592],[99.8668946376918,19.054828942860908],[99.8670692459633,19.0562731526634],[99.8670818562965,19.0564597126534],[99.8668637084344,19.056822603211195],[99.8668492427853,19.057172639387296],[99.8667937996751,19.058186129842298],[99.8666414740175,19.058499001657893],[99.8665773249144,19.0587460321429],[99.8666176573279,19.0591591668991],[99.8667165231053,19.059572056527095],[99.8666712616214,19.0602910848528],[99.8666849902924,19.0603680414522],[99.8669204570867,19.061155801418504],[99.866916585167,19.061392009174305],[99.8688754414588,19.061328033537],[99.8690685190104,19.061673306551793],[99.8692222479327,19.062187960482998],[99.8690771861306,19.0631390316156],[99.8693740521986,19.0651891106212],[99.8692417934449,19.0658868874132],[99.86917476364351,19.0666144764566],[99.8704113042901,19.0664522276992],[99.8714854339677,19.066296873745202],[99.8718114709161,19.066254109242905],[99.8718824649833,19.066591583889295],[99.8727526892558,19.066541576862793],[99.8729222719416,19.0667076094079],[99.8730389406059,19.067042810456396],[99.8732537224146,19.067124594888792],[99.8733781576972,19.0673442431846],[99.8733211298131,19.067512578043996],[99.8734565052102,19.0685626320892],[99.8733105605305,19.068998287520603],[99.8729866872877,19.0693253213268],[99.8729239527276,19.069477346200696],[99.8729589553592,19.069485972256697],[99.8733380567425,19.069497955420797],[99.873300235359,19.0697086371746],[99.873167674996,19.069954658492897],[99.8732040833172,19.070067280838295],[99.8732323136308,19.0700573065443],[99.8753896663708,19.06984865374],[99.8753682751921,19.070582706003105],[99.8754851615333,19.071423819680195],[99.8755082887835,19.071780612407498],[99.8754906479155,19.071814406843195],[99.8759695412938,19.072907313835497],[99.8759343536969,19.073161315194596],[99.8757661483315,19.073391113192596],[99.8754579331277,19.073407091515],[99.8753284186542,19.073700286703396],[99.8750587742054,19.0737119328482],[99.8742240166657,19.073919154277693],[99.8738780069857,19.0744410275452],[99.8736746456287,19.074840939619698],[99.8735511180076,19.075181566674996],[99.8734273785695,19.076196917553595],[99.8734685333332,19.076800518091975],[99.873511445918,19.0768182092951],[99.8737569852475,19.076545421362297],[99.8739032344962,19.076484213990003],[99.8744072370944,19.075961097118498],[99.8751874949104,19.0759737552668],[99.8756507886885,19.076052114364998],[99.8760587276665,19.076491007957802],[99.87680058986739,19.076600544799515],[99.87685227623926,19.076606957950453],[99.8767676508842,19.0768698490902],[99.8766477442213,19.077340955612996],[99.8766255278095,19.077526739131695],[99.8765827856156,19.077728378475797],[99.876353358666,19.0779591203181],[99.8761660879927,19.0781227341089],[99.8775388194254,19.078319171736],[99.8782965924365,19.07835192112629],[99.8782987684313,19.0797388143531],[99.8787426842588,19.079726565742],[99.8793122645318,19.079695129965305],[99.8797206540241,19.079688968504197],[99.8797951351863,19.080014942890905],[99.8799333596564,19.080085556139696],[99.8800318396542,19.0803915993127],[99.8801518837192,19.081091810303395],[99.8799523016559,19.0811507879871],[99.8803218844904,19.0819813932483],[99.8801407537468,19.082090987241],[99.8798168416285,19.082039139710997],[99.8798134850799,19.082348911927095],[99.8802520277091,19.0827148748871],[99.8801846546847,19.082808144093402],[99.8798326738032,19.0828679814927],[99.8794289766251,19.082953769592],[99.8794262966715,19.0832316301788],[99.8799859928033,19.083430024064498],[99.880438347418,19.0835903672971],[99.8804421963713,19.0835917316046],[99.8804528159655,19.083635690255505],[99.8805030982713,19.0837932001723],[99.8814973473386,19.084109776943098],[99.8818062964496,19.0842081474281],[99.883106937066,19.0846222689254],[99.88416327406463,19.08486887030637],[99.88406676099683,19.084635405523077],[99.88397800287,19.08442069872271],[99.88388581681951,19.08419661333318],[99.88378042127904,19.0839394544836],[99.8836862307837,19.0836907769173],[99.8835841339374,19.083419055468084],[99.88354374361657,19.083339638437998],[99.88346420159917,19.083183237710443],[99.88340296161097,19.083107091094302],[99.88333130983835,19.083017935608098],[99.88323082694116,19.08285586345162],[99.88320604166155,19.082779076751848],[99.88317719506168,19.08268967368894],[99.88314683095987,19.082595376163965],[99.88311490440077,19.082496878031773],[99.88307929695442,19.08241585607472],[99.88305599707836,19.082266372549867],[99.88303067972983,19.082120898677392],[99.88299065620505,19.082076545197292],[99.88293142626813,19.082010920541276],[99.88291114136271,19.081988441631037],[99.88288898517243,19.081962526419037],[99.88287356003718,19.08194448393842],[99.88277783935341,19.08183240190601],[99.88259310674086,19.08168335224939],[99.88245961358491,19.081500338448365],[99.88217440158527,19.08109079856165],[99.88211340064724,19.08098662047488],[99.88208620921861,19.080940193808743],[99.8820679009534,19.08090880553841],[99.8820032115882,19.08079847165451],[99.88188649962548,19.080599111199533],[99.88198293767738,19.080437840725967],[99.88204216010479,19.080293384103225],[99.88208091069058,19.08019885581417],[99.88212479857587,19.08009244938202],[99.8821689115431,19.079987991764686],[99.88222094210704,19.079864737113326],[99.88226707628327,19.079755458630917],[99.88230708201576,19.079660723905597],[99.88236947662507,19.079552070847843],[99.88245405997561,19.079404729707722],[99.88282576751469,19.078708634754342],[99.88284830555831,19.078556110798022],[99.88289043587926,19.07842337738187],[99.88299093845757,19.0778636364985],[99.88303958200026,19.077668968254308],[99.88301686710898,19.07750044523233],[99.8829682982055,19.077225718573995],[99.88291142359738,19.0770846731633],[99.88285997057078,19.076957104645956],[99.88277381382223,19.076743606012744],[99.88276738695616,19.07660765231237],[99.88274786858894,19.076448732407755],[99.88274788079757,19.076331661151503],[99.8827478772694,19.076218505187697],[99.88272763137778,19.0761219393824],[99.88271626884406,19.076067273207787],[99.88270575941117,19.07601756633501],[99.88267275144986,19.075965577963903],[99.8826369231253,19.075909102127394],[99.88259877486506,19.075848986800743],[99.88257505363667,19.075796712443342],[99.882023129031,19.074679140001464],[99.88182410928425,19.07426560654219],[99.881903820291,19.07425947964908],[99.881983432707,19.0742529018332],[99.88205866261953,19.074248041501974],[99.88214822373804,19.074242919406046],[99.88221913302817,19.074249327736847],[99.88229410521818,19.074259130855864],[99.88254308385477,19.074275368990353],[99.88280197250137,19.074277890754907],[99.88287677875879,19.074278549926472],[99.88334687525393,19.074255889968175],[99.88352821887175,19.074265610703463],[99.88375754454142,19.074259129241966],[99.88391962825243,19.074262369652658],[99.88408813062723,19.07428828240105],[99.88422511411227,19.07430187024018],[99.88444980227698,19.074324068124856],[99.88479203990687,19.07435148204378],[99.8851148553743,19.07437582093015],[99.88522506254883,19.07434017051952],[99.88530249033346,19.074303290150105],[99.8853611718448,19.07427533525383],[99.88537883193251,19.07427886846707],[99.88540556979154,19.074284213096007],[99.88545188027645,19.07429347432452],[99.88550703577934,19.074304506163873],[99.8856069611637,19.07445591817126],[99.88573076255781,19.074621704808454],[99.8858787925565,19.074776677463568],[99.88603538767798,19.074920356435193],[99.88612935753159,19.07490739619256],[99.88645267905024,19.074789892549692],[99.88651102297307,19.074880648520914],[99.88652746020192,19.075044885243873],[99.88654019513866,19.075182095486852],[99.88656077117332,19.075245094723822],[99.88659205179908,19.07534094416914],[99.88666418986281,19.0754791828067],[99.88666962207552,19.07548958248621],[99.88667028640234,19.07549094056105],[99.88667314143413,19.075496970174505],[99.88672822377775,19.07561319834973],[99.8868708051649,19.075628576131578],[99.88690968515529,19.075638284085],[99.88697452830158,19.075657749340973],[99.88701991086351,19.07570961570789],[99.88703395221212,19.075737701288364],[99.88706637324857,19.07580253941965],[99.8870927638961,19.075855862313304],[99.88712975296453,19.0759293055539],[99.8871416491233,19.07595298623182],[99.88714631682453,19.075962425220805],[99.88719531250071,19.076082374229113],[99.88725976339055,19.07622416499207],[99.88717328179654,19.076368244679063],[99.88711385119142,19.07645423377134],[99.88712070382905,19.07649057260483],[99.88713335180255,19.076558022226223],[99.88713012581698,19.076710361180595],[99.8871623828833,19.076855515918343],[99.8871718669504,19.07691335071698],[99.88719167557295,19.077034627046306],[99.88721516426438,19.077113234486895],[99.88725108782741,19.077234464082803],[99.8872733694054,19.077310148617975],[99.88727523898262,19.07731644500361],[99.88727680973794,19.077321426837493],[99.88730834438883,19.077416107261215],[99.88735376119949,19.077516635108154],[99.88744776109664,19.07764626187967],[99.88751906749432,19.07781484314555],[99.88756771310575,19.07806448129018],[99.88756336361548,19.078159515527265],[99.8875611848574,19.078207040371908],[99.88758278855518,19.07833042358737],[99.88758389601946,19.07833669184576],[99.88763252110971,19.07848578497769],[99.88767688415628,19.078658796444326],[99.88770885304791,19.078783158623242],[99.88773066634938,19.078868244154826],[99.88775100546675,19.078947456254404],[99.8877712897816,19.0790272460161],[99.88782168336269,19.07922726556764],[99.88784788457535,19.079373636168455],[99.88788527477125,19.079581278360525],[99.88793037801479,19.07969075643929],[99.8879838734571,19.079820402124774],[99.88802147010006,19.079911955873758],[99.88847525153024,19.079749896878003],[99.88859512426566,19.079689947362525],[99.88872163474167,19.079626724931355],[99.88895641319047,19.079411581878322],[99.8891886686237,19.079161244633738],[99.88921807318918,19.079111684810535],[99.88927846118905,19.07901070782843],[99.88942374937483,19.078767564359428],[99.88948652204675,19.07866234460588],[99.88962499937819,19.078472158576584],[99.89023696355696,19.077633491744805],[99.89057531438198,19.077169585194344],[99.89058695464054,19.077153613784354],[99.89099536149868,19.077574977988988],[99.89109709605657,19.077432771834278],[99.8913554363608,19.077078887349096],[99.8913818397601,19.077038617569997],[99.89150015746573,19.076866909556337],[99.8915549312507,19.0767852668616],[99.89160953506602,19.076704962959454],[99.891689321389,19.07658779899138],[99.8917669070145,19.076469810867103],[99.89183788972336,19.076348190871062],[99.89247180363878,19.075191030313775],[99.89349840701026,19.07528162640333],[99.89364511634105,19.07529469569887],[99.89369044571812,19.075302271729058],[99.89369308563957,19.07530271943283],[99.89370666941315,19.075304984027248],[99.8937139023391,19.075306166690947],[99.89372292035755,19.07530767596074],[99.89374243207253,19.075322856865803],[99.89376086120865,19.075337203905242],[99.89378125915266,19.075353069332543],[99.89382014862139,19.07548919734817],[99.89383299465882,19.07552129682376],[99.89390540843526,19.075702270821612],[99.89398877087754,19.075910667523228],[99.89421559265058,19.076403249988417],[99.89455279976822,19.07635784169159],[99.89507129515319,19.076318973742378],[99.89510942456904,19.076360884824243],[99.89513610555211,19.076390242661457],[99.89516600440021,19.076505573012053],[99.8951816147558,19.076565550959618],[99.8952074117347,19.076753278611235],[99.89522687627897,19.07685054406476],[99.89530470915753,19.076805177834895],[99.89537311386458,19.076732152257158],[99.89540194451085,19.076701422752798],[99.89544965998262,19.07664005057271],[99.89548342798426,19.076596634308142],[99.89553804286494,19.076526421305434],[99.89557920136981,19.076438082966064],[99.89562884181997,19.07633181715879],[99.89565472354545,19.076267111697575],[99.89577139513037,19.076195834152223],[99.89587014774253,19.07611658968476],[99.89588855135707,19.07610201090934],[99.89590105435711,19.076092077358265],[99.89592700728095,19.075910580026722],[99.89591142748478,19.07585330718979],[99.89588604404898,19.075757708327835],[99.89587158181268,19.07570399844347],[99.89585569988948,19.07564480029174],[99.89578174496154,19.075487402940272],[99.89575675998398,19.075434245128385],[99.89561578798867,19.07513426046805],[99.8956079751153,19.075092279294275],[99.89559587880248,19.075028538653317],[99.89558920726385,19.07499379661082],[99.89557693162328,19.07492685068364],[99.8954084571603,19.074408179317874],[99.89541589514043,19.07435926474629],[99.89544742272324,19.074168222095107],[99.89553802268735,19.074012591850508],[99.89563310145383,19.0738939955649],[99.89571952520865,19.073793938326133],[99.89571966523268,19.0737596564489],[99.89571954380413,19.0736254301204],[99.89574668316898,19.07352595371655],[99.89576257231121,19.073467379611653],[99.89577614397066,19.073416504599713],[99.89578984648955,19.073365093307363],[99.89580159056048,19.0733210672267],[99.89581029876831,19.073288323679755],[99.8958191430377,19.073138358273766],[99.89582327540154,19.073067951866474],[99.89591631253835,19.07277020988046],[99.89596344646488,19.072634050676054],[99.89606652977228,19.072341458248292],[99.89628388595173,19.07162743313244],[99.89631624542396,19.07151900644929],[99.8963359818327,19.071475010853092],[99.89636492007068,19.071405691225056],[99.89643291681071,19.07124973884762],[99.89650119280017,19.071091472958223],[99.89662713304297,19.070711493869183],[99.89663861374262,19.070683376482034],[99.89671786824485,19.070491115051663],[99.89687361678293,19.070348454464302],[99.89692027971222,19.070295264303954],[99.89695301668321,19.070257124475],[99.89706496783951,19.070129320244114],[99.89709654781974,19.070093097381097],[99.89711978226089,19.070066560551197],[99.89713775594079,19.0700415175135],[99.89724950331033,19.069884935841998],[99.89735303550867,19.069768316880285],[99.89737915665711,19.069651627536782],[99.89737910339485,19.06940528561982],[99.89745689174217,19.069301566394596],[99.897586560102,19.069301551929353],[99.89782005889711,19.06928860038297],[99.89785385296783,19.06928577691501],[99.89797551497735,19.069275635484363],[99.89810518670343,19.069210792338776],[99.89811943899917,19.069146515055973],[99.89813108033636,19.069094111719043],[99.89813110928722,19.06887376548809],[99.89809040109438,19.06880134739033],[99.89803312856316,19.068699537971675],[99.89801451763331,19.068666410972266],[99.89789769863339,19.068523654569372],[99.89786501118972,19.06844896230395],[99.89780694826806,19.0683162280389],[99.89776910891852,19.068204505070806],[99.89775184705151,19.06815093223051],[99.89773870075231,19.068112013683407],[99.89772915720991,19.06808283479389],[99.89779395991246,19.067736084994696],[99.89779401228672,19.06761935292503],[99.89757356641393,19.067398969868645],[99.89757680953048,19.067375031230068],[99.89758656082402,19.067295246059672],[99.89768710608966,19.067254995776892],[99.8977810597345,19.067217451891167],[99.89781651126457,19.067192847803863],[99.8979495686316,19.067100720590837],[99.89798845372508,19.066854258433892],[99.89798845808342,19.06662100671528],[99.89813107230246,19.066439484383476],[99.89804796290623,19.06620052945541],[99.89802729820154,19.06614119286312],[99.89799165708355,19.066073343462744],[99.89789770062157,19.065894961304014],[99.89818930273822,19.0656500355907],[99.8983171745515,19.065547262911117],[99.89853300080563,19.065376348059544],[99.89854924458159,19.06533086733608],[99.8985608947763,19.065298224941575],[99.89857247526115,19.0652654325974],[99.89859783014215,19.065194835307796],[99.89898678506913,19.064835050083257],[99.89898702657091,19.064830230038602],[99.89899975849242,19.06457574872735],[99.89906456891043,19.064342381547235],[99.89920719225601,19.064134927850716],[99.89941463026551,19.064044172143817],[99.89968690286044,19.06381079699239],[99.89964426611978,19.06363617695364],[99.89953161252424,19.063175718072216],[99.89929204152963,19.062615562102984],[99.89901526131257,19.061960882117507],[99.89894790402906,19.061801257020925],[99.89811133539256,19.060598598388825],[99.89806585285072,19.06053324768867],[99.89747159290904,19.059748595821077],[99.89725866146871,19.059467489457074],[99.89714197491062,19.059313313448616],[99.89701989457217,19.059153876498765],[99.89648606698933,19.05847587111436],[99.89621551590079,19.05813239989108],[99.89591594795975,19.057752475718488],[99.89565306884973,19.057388249579073],[99.89541586631368,19.057050857915048],[99.89529799316564,19.056883353021803],[99.89514535489342,19.056665581304284],[99.8946559068384,19.05596568218212],[99.89455132065062,19.0558150063284],[99.89413589389562,19.05521802218881],[99.89403188629399,19.055068506966983],[99.8939172681553,19.05490364809767],[99.89388227811156,19.05485365963113],[99.89363541607399,19.054498579952345],[99.8935238497256,19.054297286012588],[99.89293522342267,19.05321817799688],[99.89242906932182,19.052906822830607],[99.89194992413077,19.052168037119475],[99.89196093153184,19.052086303787014],[99.8920406300325,19.051493826237728],[99.89192400423205,19.05096228971101],[99.89176580202628,19.050726722711524],[99.89147345066871,19.050291333349264],[99.89124007607293,19.0495652925534],[99.89114412775464,19.04945844169583],[99.89077700395958,19.04905014802977],[99.89066961013049,19.048929991815438],[99.89006025833203,19.048761451063903],[99.88867299418158,19.048191355827207],[99.88850439808752,19.047944614148477],[99.8881970598372,19.047712104439878],[99.8880117116915,19.047571878427306],[99.88786384355303,19.04747951825918],[99.88773939419718,19.047401627257173],[99.88762136172882,19.047327897996727],[99.88738940328433,19.047182939731705],[99.88719653938692,19.047136529447503],[99.88628750032592,19.046910702825752],[99.88554829087548,19.0465865193353],[99.88453698858616,19.046054950265564],[99.88396653274067,19.045176478276733],[99.88342532255172,19.04456723682392],[99.88318852356284,19.04436992605809],[99.88311413758375,19.04430789828107],[99.88279001717127,19.043880044470257],[99.88289372670322,19.043439223723784],[99.88300967080768,19.04320784015162],[99.88304521040548,19.043136024526103],[99.8831401012321,19.042946529728574],[99.88329567175849,19.042142885561038],[99.8831271063318,19.041329153918053],[99.8825827248151,19.039954993318627],[99.88218619721783,19.039182534840567],[99.88192459596604,19.038674403036367],[99.88110777683141,19.037494679134372],[99.88004464773447,19.036642241742037],[99.87896836147713,19.03603341440948],[99.87787942501748,19.03525819283524],[99.87762019268771,19.034726763287033],[99.87732194850514,19.033585692887254],[99.87777568666249,19.033002224321145],[99.87841103709462,19.032370168453525],[99.87859252972281,19.03187751881027],[99.8785925380799,19.031281122830535],[99.87848880772391,19.030905136439177],[99.87846396589191,19.030847497055067],[99.87843817294053,19.030787750425297],[99.87840765487728,19.03071711290862],[99.87824248384935,19.030334676601253],[99.87755530070088,19.029699372204657],[99.87711772767484,19.028808027183135],[99.87692341110227,19.02784856661235],[99.87667688796567,19.02756336875847],[99.8763140672951,19.027576296094985],[99.87576940437182,19.02755040816628],[99.87551009110372,19.027381878835893],[99.87478399645536,19.02720029940571],[99.87463736272144,19.0272305582901],[99.87401159843171,19.02735967039745],[99.87328008950348,19.027537434674056],[99.87202253181808,19.02720038901448],[99.87141629840363,19.02691508526133],[99.87127368267946,19.02660393290895],[99.8712477435919,19.026227925445085],[99.871312572989,19.02583898507891],[99.87115696448414,19.02539806728493],[99.8709754885003,19.02509996492713],[99.86967891458826,19.02482768408675],[99.86922968373462,19.024769442735234],[99.86817530332372,19.02463332690577],[99.86748831304402,19.024359895837797],[99.86641499077311,19.02393314344389],[99.86561113548197,19.02349227474526],[99.8648471897656,19.023492182800766],[99.8636017634844,19.023712636953952],[99.86265497911845,19.023790493123844],[99.86243626492585,19.023784839514143],[99.86141526448586,19.023758587720977],[99.86122183753382,19.02375367800481],[99.86071766288798,19.023740674135304],[99.8605613035786,19.023739298722404],[99.86013031419024,19.02372565137608],[99.85909289405237,19.023790477518286],[99.8582760712814,19.02410164008196],[99.85802972471848,19.024322057886778],[99.85796314589984,19.024666048633037],[99.85791324075997,19.025148689707056],[99.85770560539957,19.025265199978808],[99.85738147788003,19.02530416115211],[99.85703129980703,19.02543381766906],[99.85675002266021,19.025791811498376],[99.85631853558105,19.02628953909472],[99.85599419879345,19.02689887457125],[99.85591640763361,19.027547129674744],[99.8557645428014,19.02797149821982],[99.8553102857457,19.028140304604328],[99.85489570160254,19.02819213903047],[99.85429900122423,19.02823098408583],[99.85335285763543,19.028231040284798],[99.85235427064714,19.0282829410602],[99.85177402741893,19.02839957574013],[99.85129431051455,19.02858111805723],[99.8509313010215,19.02854224261093],[99.85042565139388,19.028464438787292],[99.84997100007892,19.028217757392362],[99.84940140599481,19.027945807213573],[99.84879211954441,19.027880999453284],[99.848354416994,19.02803656825725],[99.84780996338212,19.028387472100057],[99.84752503622484,19.02852923564516],[99.84710980496054,19.028594092439036],[99.84695229637026,19.028529919733877],[99.84684958750213,19.028488339928433],[99.84669497113114,19.028425556454156],[99.8464782820478,19.028288771553598],[99.84600758711814,19.02798469212891],[99.8455037005484,19.027596334917014],[99.84523407594702,19.027405442847375],[99.84505607943998,19.027282941419188],[99.84480187646058,19.027103076550343],[99.84454270189555,19.026843741717293],[99.84406299889523,19.026817852339367],[99.84301288315437,19.026882577659123],[99.8422764796374,19.02697416823936],[99.84104125621842,19.0269862070943],[99.84025162330151,19.02714197111902],[99.83923996945428,19.02705121487381],[99.83911456690461,19.027060169869124],[99.83570366945682,19.02733646801878],[99.83535351907551,19.02681790522087],[99.83517208574182,19.026895643611052]]]},"properties":{"moo":2,"village_name":"โซ้","part_label":null,"name_source":"village_moo_name_crosswalk.csv (สมดุลน้ำ 2568, ตรวจสอบแล้ว)"}},{"type":"Feature","geometry":{"type":"Polygon","coordinates":[[[99.8682135177823,19.0948324179139],[99.868139178314,19.095100052782],[99.8680698413543,19.095285598330996],[99.869303907772,19.0952464180201],[99.8693350447249,19.094767478071798],[99.8693205765784,19.0943994756668],[99.8699688278706,19.0944270310094],[99.8704741335598,19.0944594645601],[99.8708717577559,19.094477482607296],[99.8708332066918,19.094593295097603],[99.871046821247,19.094594966464008],[99.8711267961448,19.094729190238702],[99.8713804594678,19.0948446384731],[99.8714038078196,19.094867051229198],[99.872164502153,19.0948542023477],[99.8730656874744,19.0948426118641],[99.873553895867,19.0948896360356],[99.87402067631905,19.094887567840352],[99.87411467282159,19.094871355100018],[99.87414385642207,19.094634746704624],[99.8739559020691,19.094165226528457],[99.87396233182781,19.093964610445674],[99.8738644736412,19.0937022101477],[99.87378406139507,19.09347274062462],[99.87403689268311,19.093440328901078],[99.87424058082945,19.093440321980722],[99.87456838778627,19.093440307557614],[99.87522239297634,19.093712604171756],[99.87658264754621,19.093143131895783],[99.87691353594158,19.093029495725247],[99.87689109441001,19.092958419589266],[99.87680981229003,19.092818806623544],[99.87673949380681,19.09215585306183],[99.87668664359452,19.091750679199343],[99.87667036768121,19.090697902285505],[99.87663481277865,19.090334803988945],[99.87661676598032,19.090208338911296],[99.87656671758748,19.089856261347432],[99.87779111864201,19.089447854968437],[99.87823877870079,19.08948357924525],[99.88065694464156,19.089166527816595],[99.88068721705756,19.089162623988287],[99.88069092191006,19.08916224982704],[99.88135169788617,19.089097803517117],[99.881373587153,19.0891399155038],[99.88174955899058,19.090342488181275],[99.88259556787102,19.089833591039014],[99.88355414904834,19.08911238597357],[99.88330781694545,19.088597018988146],[99.88327215353277,19.088416307868293],[99.88336294318992,19.08830284015597],[99.88356063848273,19.088208882916376],[99.8836837997544,19.08813432116495],[99.88374214442483,19.088024120609806],[99.88372919327261,19.0878291947147],[99.88372915550795,19.087693734693904],[99.88372590475204,19.08756387002862],[99.88382329434899,19.08744998510049],[99.88388151462301,19.087356407415783],[99.88398529700346,19.087252616963852],[99.8840662745599,19.087184610155674],[99.8841635115945,19.087142481893107],[99.88422512289621,19.087097903142105],[99.88431263109045,19.086703295298456],[99.88487984127892,19.086719491648413],[99.88492197456746,19.086528257025478],[99.88479881486869,19.086288401917447],[99.88439040428,19.085134488078815],[99.8842931637604,19.0849724338161],[99.88416757046457,19.0848792591153],[99.88416327355287,19.084868869345442],[99.8831165190369,19.084627865378945],[99.88050133771836,19.083793164971475],[99.88045060597263,19.083636505760285],[99.88044147282817,19.083592572557315],[99.87942471833138,19.083232848976298],[99.87942761397615,19.08295211862156],[99.8798484331876,19.082864188303404],[99.8801831546457,19.082806793774395],[99.88024874782458,19.08271485811127],[99.87981289709599,19.08234917059909],[99.87981651047838,19.08203867960728],[99.88014071735098,19.082090403449588],[99.88032155123217,19.081981331887025],[99.87995175368081,19.081150589595417],[99.88014951796306,19.081090824647543],[99.88003144529196,19.080391526141895],[99.87993316213425,19.080085752731705],[99.8797944324268,19.080019595133795],[99.87972057753305,19.079689111502802],[99.8793122328636,19.079695206420023],[99.87874559208002,19.0797294344094],[99.87829797989025,19.079739336373173],[99.87829585168569,19.078352757099445],[99.87753888000496,19.07831928673825],[99.87616582830182,19.07812284913692],[99.87635328559807,19.07795905634161],[99.87658277022973,19.077728365539382],[99.87661362765641,19.077582155179496],[99.87662526370829,19.077526591159472],[99.87664761501098,19.077340970356303],[99.8767725829592,19.07685365190774],[99.87685214888931,19.07660701924979],[99.87605868419169,19.076491068619685],[99.8759196548886,19.0763443233965],[99.87565077314659,19.07605236158811],[99.87518748569946,19.07597384086906],[99.8747118712705,19.075967227758397],[99.8744074360062,19.07596150148392],[99.87425912952241,19.076115031526832],[99.8742449637012,19.076129608828374],[99.87405690831314,19.076324915385865],[99.87390327860955,19.0764842709796],[99.87375724440983,19.076545860581525],[99.87351155287655,19.076818264981704],[99.8735380719501,19.07698370039186],[99.8734656304466,19.077123817926697],[99.87355586215821,19.0773889978743],[99.87350116649816,19.07749545383227],[99.87353236499577,19.07776176871276],[99.87333809224533,19.077801914588687],[99.8732803091752,19.077813772134395],[99.87299226680432,19.0778929103282],[99.8727557316339,19.0779199045314],[99.8726091647554,19.078108282363196],[99.8723575682164,19.078248055978392],[99.8719518427783,19.078349703562],[99.87174492412495,19.078100238426593],[99.8713528360657,19.0778420457712],[99.87109884688562,19.077829569004464],[99.87109565360096,19.078073546887296],[99.87101512385067,19.078134486716323],[99.8708918130652,19.078119012320396],[99.8706487625489,19.078146616279096],[99.8705921676849,19.0782193603602],[99.8705842799321,19.078454025977404],[99.8706315487893,19.078528543526897],[99.8707820864056,19.0786257439745],[99.8707294135464,19.078783619978697],[99.8707305802328,19.07902864356937],[99.8707305703932,19.079244592980096],[99.8707203624901,19.0795611085574],[99.870779115634,19.0797591035838],[99.87074818079,19.0800098090129],[99.87065868634483,19.08015958789468],[99.8702403223497,19.080351498395295],[99.8700152407189,19.080511636641997],[99.8696245264485,19.080463197220997],[99.8694989167487,19.08048816719429],[99.86948052408364,19.080542211185914],[99.8694168944709,19.08072874615426],[99.86928025949143,19.081127551097577],[99.86902402454376,19.08114487350902],[99.86897443414188,19.081290982883527],[99.86894537677284,19.081425370974774],[99.86902573294462,19.081584352818933],[99.86899877929747,19.08185373279296],[99.8690710366331,19.081946592964268],[99.8692802626331,19.0819813115071],[99.8691981965174,19.0821780791888],[99.86892349939197,19.082379050957012],[99.8687122648174,19.082663441538504],[99.8684972209975,19.082680408752097],[99.8684022026282,19.082740121856702],[99.86841329058726,19.082865757979423],[99.86843585051801,19.083129862995055],[99.8685007280023,19.083277695346794],[99.86820849544101,19.08339337334671],[99.86813706623221,19.083620873997653],[99.86805767956064,19.083985737425685],[99.8679963219922,19.084267767391594],[99.86775466864782,19.08433463678118],[99.86757412192048,19.084446794996925],[99.8674671309982,19.0845839739075],[99.867401679648,19.084899936495678],[99.8673473806785,19.085131423822904],[99.86720026768262,19.08531617246766],[99.8670358743232,19.085514674142694],[99.86697404072541,19.08574824922891],[99.8669728609496,19.08576680908867],[99.86696864415573,19.08583316286897],[99.8665993721923,19.085950084686395],[99.8662778534572,19.086006304284325],[99.86593476929674,19.08606587011103],[99.86596396764385,19.086416293252533],[99.86597738174899,19.086577837459217],[99.86598574761267,19.086678361420393],[99.8658262080403,19.0869257674819],[99.86586468169642,19.08706597820137],[99.86568863447218,19.087036571054366],[99.86549697834349,19.087016826680532],[99.86538037903127,19.08699965080517],[99.8654698897382,19.087284966064797],[99.8654214260183,19.08735034945],[99.8652378480834,19.087433065292096],[99.8652109072837,19.0876435792446],[99.8652136934296,19.087832299204504],[99.86528866003181,19.088145118865],[99.8652875537856,19.0882303420761],[99.8655915744351,19.088390788631592],[99.8656855142835,19.0882062059232],[99.8658887970191,19.088234582720293],[99.8658542706722,19.0884767891075],[99.866148448618,19.088487425518895],[99.8661470273234,19.0887088237049],[99.8662788082902,19.088808736748888],[99.8661516740657,19.0889657722622],[99.8660860049066,19.089155349087896],[99.8664441001753,19.089106083363696],[99.8669220271875,19.0890879227675],[99.86720212160951,19.089099780949898],[99.8674843556792,19.089176568173695],[99.8675104562278,19.089187484579895],[99.8673879004595,19.089516525623498],[99.8673983696209,19.0897720990133],[99.8674362520067,19.090042822415505],[99.8675004304563,19.0903926016819],[99.8675611718855,19.09052955825659],[99.8674922567804,19.0907115903725],[99.8675407349514,19.0911374599382],[99.867641142924,19.091753975124703],[99.8676892950496,19.092192335048196],[99.8677029439395,19.0924188850381],[99.8677466334422,19.0926703734823],[99.8678402937473,19.09285143660439],[99.86806776377982,19.0931622398424],[99.86819480111681,19.0936104150642],[99.8682851200578,19.093952576847798],[99.8683854573824,19.094162818102202],[99.8683872884436,19.094296734595304],[99.8683786655794,19.094375162010596],[99.868342962471,19.094562500451],[99.8682135177823,19.0948324179139]]]},"properties":{"moo":3,"village_name":"ร่องคำหลวง","part_label":null,"name_source":"village_moo_name_crosswalk.csv (สมดุลน้ำ 2568, ตรวจสอบแล้ว)"}},{"type":"Feature","geometry":{"type":"Polygon","coordinates":[[[99.8303548569838,19.0478524334992],[99.82376919547899,19.04440514613625],[99.8237047601342,19.044884271103108],[99.823263538396,19.045620646774385],[99.82331543038276,19.0460095810076],[99.82314693798982,19.046372480213545],[99.82234337065184,19.046696651768627],[99.8216048797889,19.047210802734295],[99.82098187561716,19.047643118493106],[99.82024589791334,19.047977052057202],[99.82060897647544,19.04900167920585],[99.82067384497832,19.04941641047268],[99.8207836174434,19.050579977017495],[99.8208506479182,19.0512948880353],[99.82088128163942,19.051568367472033],[99.8207256696598,19.05189248614925],[99.82006438817,19.05249866645563],[99.8215021631143,19.05284729466519],[99.8245206331906,19.053599432359697],[99.8261548863098,19.054446766233394],[99.8275513304585,19.055211228547492],[99.8287275671996,19.055782715617994],[99.8289728073906,19.056209715472693],[99.8304290347501,19.058116059795605],[99.8306597781231,19.058379021848705],[99.8311602262876,19.059021962310997],[99.8345002696397,19.061304427166203],[99.8346067013063,19.0613910082089],[99.8346698005232,19.061406830393995],[99.8347312442377,19.061441145886498],[99.8347799104373,19.061476144545992],[99.8348305198957,19.0614928677906],[99.8348809904571,19.0615106594804],[99.8349185374834,19.06152870294549],[99.8352754710042,19.061886204309097],[99.83803751978462,19.064112933692698],[99.8383048165982,19.064297244951796],[99.8406303079364,19.067817505996196],[99.8454268363043,19.074784973892392],[99.8448781322063,19.0749201394047],[99.8458200613749,19.075238412499697],[99.845790219418,19.075828532852896],[99.8461278773135,19.075847426295404],[99.8461049805943,19.0759147823853],[99.84639403104451,19.0758392824594],[99.84635817123322,19.076574404350897],[99.8468990450634,19.076553740810393],[99.8474957930608,19.076582147443602],[99.8477238618109,19.077123271866],[99.8476728148538,19.077755652184802],[99.8477349964254,19.0781722109329],[99.847938523551,19.078462677863698],[99.8489209464782,19.0794821809096],[99.8493655618594,19.0792344706859],[99.8495010003651,19.079278074347997],[99.849915441603,19.0799482110945],[99.8500461482793,19.0798937372663],[99.8501236279386,19.080298941653492],[99.8502048127944,19.080725070726093],[99.8502886146943,19.0811113552085],[99.85075787478202,19.081800208325202],[99.85116986936991,19.082012888891896],[99.8513222854537,19.082253101232904],[99.85136403898,19.0825476277347],[99.8512260907075,19.0829235042865],[99.85120977456481,19.0832404360775],[99.8512777072443,19.083681145923897],[99.8520245779135,19.0846714154842],[99.8520081366614,19.084912791251195],[99.8524065136369,19.0853716909033],[99.8526562603805,19.085458944051805],[99.8532716927476,19.085962328356697],[99.8534175036781,19.086037070573504],[99.8537592968041,19.086373883978393],[99.8539538357063,19.086533747121702],[99.85437666565102,19.086863871006894],[99.8548976296513,19.0874283630364],[99.8550956362977,19.087718255090497],[99.8551957175983,19.0883705246307],[99.8552849148239,19.088750447020097],[99.8557045301472,19.0893319390334],[99.8559266489552,19.090049252835595],[99.856073317901,19.090367697945698],[99.8562995826737,19.090621199738795],[99.8564116523846,19.09081839616199],[99.8564504872905,19.092366218604305],[99.856431999893,19.092825301070995],[99.8563655879439,19.0931967382776],[99.8563457835614,19.0937106554596],[99.8564165702094,19.094184971656496],[99.8564423960849,19.094709455675297],[99.8563404917201,19.094873795908203],[99.8565907640665,19.0953121045318],[99.8567666783644,19.095306476182195],[99.8570654703845,19.095552296146],[99.8574312263343,19.095641136302596],[99.8576321634991,19.0958719760722],[99.857680878264,19.096013490385396],[99.8581378096286,19.096265970316896],[99.8583728058721,19.096526856152202],[99.858928459215,19.0974329745478],[99.8588136594837,19.097993603781795],[99.8588990010363,19.0984847590153],[99.8590764869541,19.098927209942502],[99.85926234475822,19.0991252581139],[99.8593649797069,19.0993149098118],[99.8594738289893,19.099458526571496],[99.859217826451,19.101127221641896],[99.85921490209641,19.101598879047796],[99.85903690318241,19.102076656993397],[99.8590444142554,19.1022939103831],[99.85915896119572,19.102378354497596],[99.8592770180464,19.102963410622497],[99.8592617261802,19.10336334707131],[99.8595273299454,19.104200849428995],[99.8597462614118,19.1044197575696],[99.859902657541,19.104493548003195],[99.8600911979376,19.1047150956295],[99.8604359698851,19.1052027471339],[99.8607894173907,19.1053654497015],[99.8610756821008,19.105420047189195],[99.8614288964082,19.105621005606896],[99.8616275805682,19.105819795527996],[99.861850180435,19.1061953175741],[99.8621521476714,19.1064677251705],[99.86225964762122,19.1065763288615],[99.8623126139553,19.1067348020124],[99.862440287142,19.1069946543628],[99.8625808359713,19.1072668208612],[99.8633061902672,19.10695311510729],[99.8634952144456,19.1072563300091],[99.8636841351507,19.107441259324798],[99.8644032625702,19.1073941187885],[99.8648988943443,19.1072196403421],[99.8649661338539,19.1072511312555],[99.8652934040716,19.1072591971515],[99.8655896932277,19.107191330197992],[99.8658385487286,19.107198204446302],[99.8662756294659,19.1075088610672],[99.8666356311489,19.1078797122319],[99.8668515866829,19.108236836817497],[99.8672049079895,19.108756141243898],[99.8676651401854,19.109331940750504],[99.868213901889,19.109790453732195],[99.86835245377759,19.1100179531294],[99.86844644007489,19.109934467749717],[99.86890966789663,19.10971800577804],[99.86901665065373,19.10966800425182],[99.86970002435709,19.109348624032965],[99.86961555481109,19.109189767026646],[99.87172166725337,19.108082190266348],[99.87161333397528,19.107918572436173],[99.87154674244152,19.107823627728035],[99.87139474601267,19.10751538431178],[99.87128421005521,19.1073381967397],[99.8712550378083,19.1072215218754],[99.87116427383144,19.107130761828888],[99.87104435924338,19.107065931389066],[99.87087256491414,19.107049735396576],[99.87077534939209,19.106968723493264],[99.87073641948315,19.106900630007086],[99.8707429133931,19.10679367170928],[99.87072022329403,19.106667258485288],[99.870648920717,19.106634844865592],[99.87054842436591,19.106615405334107],[99.87048685076887,19.106492212997477],[99.87038607591914,19.10643046212742],[99.87024051817124,19.106386078910027],[99.87031818844626,19.106113862448623],[99.87076884466694,19.10603356618712],[99.87081078003493,19.105600320295963],[99.87085651290029,19.105415564760126],[99.87084350168897,19.105246994537836],[99.87085627731834,19.105073123172158],[99.87092223215001,19.104898013776673],[99.87096972624217,19.10470282985501],[99.8709082273015,19.104143028951768],[99.87084339137294,19.104036144959817],[99.87075559401694,19.103867095988118],[99.87066188486023,19.103708587428926],[99.87061023116938,19.10335667788972],[99.87049006781466,19.102955238658318],[99.87044470833305,19.102725031329854],[99.87049654310661,19.10233321251638],[99.87056779529557,19.10212937686037],[99.87073639257413,19.102035431515226],[99.87084987354467,19.102022486463394],[99.87084015408682,19.102275295175488],[99.87163029469083,19.102158593859805],[99.87240683049464,19.10195773795065],[99.8734931787758,19.101717798905057],[99.87339294221171,19.101158444680028],[99.8733652563743,19.10100411761979],[99.87335251153998,19.10093304135628],[99.8733484031199,19.100908609524307],[99.87334063193974,19.10085998796571],[99.87331821539269,19.1007179056358],[99.87410580348448,19.10057846576818],[99.87409928861427,19.10052663549559],[99.87403451403425,19.100345072274916],[99.87394475148305,19.100228111125112],[99.87386913785345,19.100122242700444],[99.87377191532136,19.100050944917847],[99.87367153222273,19.100025055074276],[99.87357418542769,19.099992615136703],[99.87347690478688,19.09980129257582],[99.87343806021222,19.099691145529892],[99.87348019199017,19.099616618266978],[99.87371871885462,19.09957212760949],[99.87385510928259,19.09953991219283],[99.87401419194289,19.09953315928674],[99.87418600185256,19.09950070618136],[99.87416341981117,19.098840929884883],[99.87410488744051,19.098600498937554],[99.8740531937689,19.098195642652975],[99.87407488219428,19.097842368690255],[99.87411145689939,19.097384392213236],[99.87411378857938,19.09733437735406],[99.87413698253732,19.09686024857003],[99.87406614611417,19.096388538986304],[99.87398153651425,19.095813434286946],[99.87395591705037,19.095275814540578],[99.87402067628739,19.094887567840505],[99.8737072874693,19.0948667533394],[99.8727082708796,19.094850291567397],[99.8723474930781,19.094890658006097],[99.8720758818906,19.0949146956309],[99.871975775843,19.094794387458595],[99.8713905998106,19.0948612273952],[99.871128287309,19.094784187981],[99.8710692987991,19.0946217347011],[99.8708937263374,19.094452844836397],[99.8696088113864,19.0943983506567],[99.8693365760189,19.0944116695612],[99.869309059467,19.095251368706407],[99.86820603543761,19.0952765498116],[99.8680665385045,19.095284065715703],[99.8672170343527,19.095103211552498],[99.8668615941367,19.095033272026697],[99.8664311462345,19.094955430404905],[99.866220292983,19.0949355727177],[99.8662083205109,19.0949324241266],[99.8659753766618,19.094906555119397],[99.8659067896387,19.0949490958699],[99.8658135660781,19.094956799962393],[99.8657860955975,19.094909886825096],[99.8656477113428,19.094922545468904],[99.8654698314308,19.094875230984897],[99.8652404711292,19.094833543905196],[99.8642635093781,19.094738999447696],[99.8641047345431,19.094728826545104],[99.8638393177336,19.094692698523392],[99.8636322790928,19.094675266114297],[99.8635698606309,19.094676650141395],[99.8636315406593,19.094800819050505],[99.8637027231245,19.094880584740903],[99.8637916801284,19.0950127339915],[99.8630885614597,19.094931003243893],[99.8630717117155,19.0948200048223],[99.8609313493787,19.0948652880702],[99.8610040681926,19.0943196724846],[99.8612828897676,19.093389310755295],[99.8613174053734,19.093058969107098],[99.86133542744392,19.0926287735803],[99.86152721347231,19.0921828594915],[99.8615506716908,19.091915792647402],[99.8612680137619,19.0918298737109],[99.8608854648987,19.0918234270999],[99.86076802072961,19.0918194122797],[99.8606019374937,19.0915173321563],[99.8605181698008,19.091296531374898],[99.8602094292281,19.0910212943575],[99.8600024061489,19.0905707227557],[99.8594608290629,19.089638267017804],[99.8589776956217,19.0887116119688],[99.8587479546986,19.088369160703994],[99.85862222381,19.088022669964797],[99.8582543300564,19.0877019543285],[99.8577589339307,19.086713949984993],[99.857641622522,19.086442382385],[99.8575783355482,19.086270075901705],[99.8573360821182,19.0861355549478],[99.8569370007058,19.085347400880096],[99.8568284709496,19.085012830737597],[99.8566999473107,19.084705826901892],[99.8566625405789,19.0843467847178],[99.8564642332935,19.0831400455019],[99.8556796657673,19.082600690355996],[99.8550858956164,19.079244396794593],[99.8547099879785,19.076713215118495],[99.8546142871069,19.0762585206937],[99.855155852027,19.076022144219607],[99.8548696028821,19.075273463790005],[99.8548559255625,19.074978480837895],[99.8548762152263,19.0745682048743],[99.8547993715213,19.0742253352651],[99.8549307291037,19.073964477876398],[99.8553525757024,19.073717723160104],[99.8553520010928,19.073507676366294],[99.8551337655823,19.0730607898689],[99.8545908317619,19.0727037374371],[99.8543479847889,19.072479187241996],[99.8541797844537,19.071775484136296],[99.8538062707361,19.0710184807924],[99.8538278358328,19.070645248662604],[99.8539140776634,19.0704174243004],[99.8536311797612,19.0697873223089],[99.8533248086887,19.069197709599404],[99.8529509829575,19.068780303728296],[99.852215777276,19.067972035459896],[99.8517056876999,19.0677069782942],[99.8514687770057,19.067550351692198],[99.85113450029061,19.0670228206526],[99.8508806663934,19.0670988464895],[99.85045877802,19.0668114668324],[99.8496119139722,19.0669442128823],[99.8494524021521,19.066947537237798],[99.84900798307402,19.0668339430176],[99.8484324703305,19.066685245595696],[99.8481177680258,19.0665924387838],[99.8478711376309,19.066164959362993],[99.8477917629232,19.0657753614189],[99.8478459184072,19.0653844890007],[99.8474257556437,19.064888521985505],[99.8469227787376,19.0646107831694],[99.8468917711932,19.0646125224302],[99.8466208674055,19.064627718164296],[99.8465158660536,19.0647050770425],[99.8464717320736,19.0646092031328],[99.8460391102521,19.064705229116896],[99.8457649457783,19.064438080852696],[99.845864198986,19.064108046083295],[99.8457564211019,19.0634963656015],[99.8458619428197,19.0632090599837],[99.8459376815693,19.062788305998502],[99.845551221177,19.062469249374004],[99.8451108373519,19.0610001666429],[99.8449292155865,19.059177043261897],[99.84447421677,19.0590448232735],[99.8420215123113,19.058161645132802],[99.83961417144731,19.0573752131701],[99.838224793073,19.056663200502395],[99.8368769905288,19.055810881256193],[99.83625645888431,19.055455816068303],[99.83565188975881,19.055190147022298],[99.8354371903224,19.0550037947776],[99.8350472403145,19.0536371590753],[99.8348719289077,19.053066626744798],[99.8344818493692,19.051570753943196],[99.8334584267031,19.050621436427193],[99.8322086210535,19.049590850063495],[99.8311945823613,19.048655723754198],[99.8303548569838,19.0478524334992]]]},"properties":{"moo":4,"village_name":"ร่องคำน้อย","part_label":null,"name_source":"village_moo_name_crosswalk.csv (สมดุลน้ำ 2568, ตรวจสอบแล้ว)"}},{"type":"Feature","geometry":{"type":"Polygon","coordinates":[[[99.8547406283363,19.107162195132503],[99.8545968606559,19.107481339935795],[99.8544467840355,19.1076880557818],[99.8542621706259,19.107872110191295],[99.8544067270288,19.107927964588193],[99.8546859376846,19.107964197918502],[99.854789456327,19.108167219764297],[99.8553721175985,19.107912998020804],[99.8554098175946,19.107912033870697],[99.8554826948189,19.1078532193127],[99.85569927426081,19.107766629330595],[99.8558818069996,19.1080044743783],[99.8560290111634,19.1082550674555],[99.8561307724934,19.1083659838428],[99.8562063296771,19.108505641916903],[99.85628203030171,19.108620598448997],[99.8563365502558,19.108758758840096],[99.8560624120575,19.108843841139002],[99.8557182697514,19.108988748026295],[99.8558534441946,19.109417236773197],[99.8560148300779,19.1093732325091],[99.8561640589711,19.109723447347605],[99.8560837469655,19.1098410456337],[99.8564036873634,19.109729763099295],[99.8565485849228,19.109680363235597],[99.8570155849049,19.109545582858093],[99.8568939811421,19.109202162664893],[99.8576996763354,19.1088426960984],[99.85769005932731,19.1087507825025],[99.8578098399115,19.108695779472196],[99.8582005460119,19.108555466853698],[99.8586278523805,19.1083576137608],[99.8589722121081,19.108224871682694],[99.8592853210417,19.1081197620351],[99.8596214191589,19.1079983628606],[99.8600496402751,19.1078815167195],[99.8601629050261,19.107910368484603],[99.8603202460882,19.1079019968909],[99.8603178182642,19.1078586294053],[99.8614514320599,19.107548847497103],[99.8626026133768,19.1072771269779],[99.8625645511396,19.107227668964203],[99.8623744060937,19.1068661517562],[99.86226491162991,19.1065748208842],[99.8621371737668,19.106448521005493],[99.86184697658102,19.106187941785898],[99.8616725293494,19.1059085709362],[99.8616021434063,19.105791210703394],[99.8614158043921,19.1056277236804],[99.8610708995427,19.1054346046248],[99.8606243075615,19.105345810419696],[99.8604231215851,19.105210463912698],[99.8600811620371,19.104704804299597],[99.8599275657366,19.1045170797661],[99.8597416138059,19.104405341911004],[99.85952131252992,19.1041907416389],[99.8594285546272,19.103885821523196],[99.8592689324579,19.103362749288497],[99.859272502173,19.1029591765446],[99.8592087973342,19.102688581375602],[99.8591615287067,19.102378983570304],[99.8590468827375,19.1022900242891],[99.8590446619009,19.102098756962004],[99.8591080054248,19.101872629812995],[99.85922196949261,19.101598857779898],[99.8592228114467,19.1011382157313],[99.85926862790771,19.100814186349297],[99.8593317740481,19.100342286739497],[99.859435836663,19.099767721058097],[99.8594637971324,19.0994458152364],[99.8592616191214,19.09911160622809],[99.8590870649047,19.098906678460597],[99.8589121477756,19.0984723196962],[99.8588233716645,19.0979928204017],[99.8588946561401,19.0976119759176],[99.8589278214069,19.097417360671997],[99.858543418516,19.096797179983497],[99.8583526495298,19.096497273478796],[99.8581098151634,19.096262374028996],[99.8578541766068,19.0961101511655],[99.8576811112368,19.096004400505905],[99.8576071703412,19.095849428703698],[99.8574446744444,19.0956363004173],[99.8572470971664,19.0955878117793],[99.8570565042752,19.095543043779497],[99.8569032648442,19.0954231222489],[99.856754443816,19.0953268227822],[99.8565817377743,19.0953051106621],[99.8563297515506,19.094868925016396],[99.8564615705016,19.094700043423796],[99.856420775368,19.0942144407728],[99.8563353012207,19.093683952012196],[99.8563452172663,19.0933431861581],[99.8564035781455,19.093060749559598],[99.856452170614,19.092269852404904],[99.8564433015641,19.0916847424273],[99.8564149667358,19.0908185077165],[99.85630768962,19.0906269830497],[99.8560756754515,19.0903476313673],[99.8559083837172,19.0900140461656],[99.8557937849142,19.0896485118433],[99.8556863992886,19.089320229968095],[99.8552880999953,19.0887417445384],[99.8551666783322,19.0883307796578],[99.85509455885392,19.087719174290996],[99.85490098250982,19.087413864351397],[99.8543263894228,19.086818332492097],[99.8536971723191,19.086322914710095],[99.8533952150375,19.086031410826788],[99.8526602190771,19.085484265321593],[99.8524284167073,19.085386211271196],[99.8522254096827,19.085123368457797],[99.8519927972551,19.0848780858266],[99.852016154416,19.0846438941567],[99.8518478483289,19.084450914187805],[99.85165674156092,19.084201231825396],[99.8514718643166,19.083970286809905],[99.8512771526957,19.083672080782897],[99.8512081686091,19.0832541221842],[99.8512207407032,19.0829150014901],[99.851360749215,19.082538257610597],[99.8513214310767,19.0822870379426],[99.8511769773533,19.081989091094496],[99.850751864787,19.081789929254],[99.8505722044613,19.0815096407875],[99.8502846484157,19.081111457923196],[99.850255670693,19.080908861510796],[99.8501730235502,19.080536085345095],[99.850101950363,19.080148376306795],[99.8500257339422,19.0799066008912],[99.849878090689,19.079947208673495],[99.8494981222733,19.079277038187303],[99.8493535269305,19.079217306393296],[99.8489210860838,19.079496475353004],[99.8484456360525,19.0789907764455],[99.8479347071805,19.078456829628497],[99.8477487227638,19.0781508269306],[99.8476680254532,19.0777689952796],[99.8477177557401,19.077123942754195],[99.847500404827,19.0765923924858],[99.8467661386832,19.07654021272519],[99.8463452687683,19.0765982942706],[99.8463975785777,19.0758364906709],[99.8461008486549,19.0759231535571],[99.8461224269303,19.0758554818086],[99.8457783591469,19.075843336120297],[99.8458133343419,19.0752390126273],[99.8453608868914,19.0750823455908],[99.8448603044384,19.0749161374919],[99.844741160198,19.075788130932498],[99.8449429910809,19.0759867008385],[99.8456194041645,19.0762613348627],[99.8457120633497,19.076497108343798],[99.8452954168211,19.076821409804396],[99.84524700972712,19.076982187604],[99.8456547882566,19.077636248504195],[99.8452166453066,19.077849882338302],[99.844690514925,19.078073376298892],[99.8448079332645,19.078237895993496],[99.8448682901718,19.0785176586176],[99.8448217757941,19.078771809578704],[99.8448582289786,19.0790699229445],[99.8451110914975,19.079864717814598],[99.8453972909628,19.0805016300638],[99.8455062069685,19.080975192032298],[99.8456275057307,19.081219978022695],[99.8457873051978,19.081463092761293],[99.8459996003237,19.081784533673694],[99.8463711263188,19.0821368250705],[99.8464854155929,19.0822862824096],[99.8467882536417,19.0826317553001],[99.8471401635692,19.082997038897894],[99.8477878429008,19.083735556420095],[99.8482721547431,19.0843486125745],[99.8489204589093,19.086097998265796],[99.8495114029199,19.0873479962977],[99.8497615829398,19.087870460574994],[99.84975194136952,19.087983507593194],[99.8492671769491,19.088217529204595],[99.8481643812367,19.088677636186397],[99.8478282156848,19.088734454149993],[99.84784469265152,19.089132976039796],[99.8478215878586,19.0900984871042],[99.8479232357757,19.090548419071197],[99.8479026551958,19.090680244082197],[99.84778419566351,19.091757595515098],[99.8483392475829,19.0917098836148],[99.8486379283566,19.0916144504858],[99.8488998396277,19.091702787759296],[99.8494153301166,19.0916282010035],[99.8495545080112,19.0917719297146],[99.8495612238197,19.091933063699095],[99.8496534890978,19.092147526566695],[99.8498710186679,19.0929398746663],[99.8501891827839,19.0938471074309],[99.8506293299536,19.095121246311],[99.8507599068753,19.0955268218702],[99.8508234858286,19.095916769972998],[99.8505920120861,19.096240727143595],[99.8504951487727,19.096255644918205],[99.8504395342516,19.096413125849196],[99.8508489317399,19.096374589551097],[99.85123742734051,19.096579700833697],[99.8519771914634,19.096416957150304],[99.8522006770757,19.096473551419294],[99.8523244475903,19.097829456986798],[99.8523803191749,19.098003991713],[99.8523051978456,19.0981219838212],[99.8523209907961,19.099124908262304],[99.8513617400145,19.0992443182057],[99.8514969465805,19.0998824648962],[99.85085653142231,19.100029244771395],[99.8512967253948,19.101614384842396],[99.8514807968092,19.102543561498695],[99.8512953792858,19.1025686387713],[99.8514051348979,19.1026631884431],[99.8514753403185,19.102811579663197],[99.851388644953,19.1029004259367],[99.8513579380981,19.103032667162598],[99.8515497959871,19.103114211298596],[99.8515710454361,19.1035496062588],[99.8520153859461,19.103554375424302],[99.852190184396,19.1035152399847],[99.852426793666,19.1035171011],[99.8526896137722,19.1036136216588],[99.8529282407324,19.1037578620176],[99.85297573044022,19.103873116853492],[99.8530215063877,19.10397919004709],[99.8531650120497,19.104151506954498],[99.8532220893639,19.104254275934295],[99.8534843666721,19.1042306792607],[99.85375286667042,19.10422981735959],[99.853877027769,19.1043426223785],[99.8539262204375,19.104516768546493],[99.8540953396118,19.104603396089097],[99.8542425551096,19.10450938609659],[99.854445492097,19.104489059766298],[99.85468151001342,19.104522331892],[99.8549217052148,19.1048935452915],[99.8557291118991,19.105326191223504],[99.8563635189099,19.106356744966593],[99.856368297858,19.106839876922393],[99.8561701306596,19.1068899451344],[99.8560319324446,19.106904734459],[99.8559060418714,19.106939064299393],[99.855847177898,19.1069588397504],[99.8557112360108,19.106986422292],[99.8551871785051,19.107068470359],[99.8548805244736,19.107131165118602],[99.8547406283363,19.107162195132503]]]},"properties":{"moo":5,"village_name":"ไร่","part_label":null,"name_source":"village_moo_name_crosswalk.csv (สมดุลน้ำ 2568, ตรวจสอบแล้ว)"}},{"type":"Feature","geometry":{"type":"Polygon","coordinates":[[[99.7639867543406,19.10226549309209],[99.76335137578567,19.103199069943262],[99.76333517791231,19.103211271721612],[99.7657592678567,19.1033119386931],[99.7681337898425,19.10336338840393],[99.77160750774722,19.103621663174614],[99.77236914116281,19.10368076046203],[99.77345298495295,19.10379801707225],[99.7758705279905,19.103902319150098],[99.7794528092656,19.104097279745197],[99.7820195809701,19.104217565787597],[99.78466845612782,19.104274415689794],[99.7887623133837,19.1046441510864],[99.7917576110117,19.104788705107904],[99.7955596152283,19.105000172869495],[99.80133394158635,19.10529181776457],[99.8023353934523,19.10447879936679],[99.80315458476235,19.10406403237126],[99.80408390970594,19.10391181311882],[99.80503688735648,19.10344547045811],[99.80646543675351,19.10331921845834],[99.80717297016349,19.103084994475722],[99.8086603327146,19.102839853718237],[99.80990198307438,19.102994630273926],[99.8110423630649,19.103697445803274],[99.81169063754363,19.104285370437392],[99.81188089747762,19.104448614376846],[99.8121176194163,19.104824638123496],[99.81233526697186,19.104925367036653],[99.81300200487784,19.10506379013946],[99.81373650832515,19.10560766115327],[99.81418660275153,19.105820425136265],[99.8149706752326,19.106225931656247],[99.815576797297,19.106248288617447],[99.81612789653451,19.106582266199005],[99.81666272323373,19.10671505219171],[99.81673072730474,19.106848069742124],[99.81683445187747,19.10695169152551],[99.81695133120996,19.106925646717777],[99.81726377126778,19.106944480004575],[99.81739351094755,19.106996309200067],[99.8177370665051,19.107028703089632],[99.81791559611574,19.107067586772104],[99.81813279484936,19.107268681453494],[99.81822349770364,19.107446962111982],[99.81843421767383,19.10762137974807],[99.81904323558298,19.10811234070101],[99.81956755346845,19.108547144271917],[99.81988441320006,19.109084558973883],[99.8202021140055,19.109259330350575],[99.82078249794588,19.1094758670019],[99.82119643820954,19.109899712469602],[99.82142376871577,19.1106289701836],[99.82153475545813,19.11076137774265],[99.8217656118291,19.110933481716714],[99.82204638756349,19.111284045983105],[99.82223162501776,19.11167499059763],[99.82292096300814,19.112303683977366],[99.82312471849399,19.11242513229874],[99.82330281470196,19.112551966864817],[99.82356741288562,19.112699501117152],[99.82380143581742,19.112802778414096],[99.82389067761255,19.112964137433014],[99.82410642474687,19.11314906897587],[99.82446845537474,19.113402154837473],[99.82477926755614,19.11345070497327],[99.82498622971735,19.113511928235628],[99.82510337977851,19.113591311223807],[99.82513558052037,19.11372767651987],[99.82535020857546,19.11386308516709],[99.82577968536918,19.11397238510771],[99.82652510614636,19.113897787279495],[99.826342593999,19.113412209179195],[99.8266970037698,19.112923614388095],[99.8267783198862,19.112812300326798],[99.8269704380592,19.112399505234595],[99.827093733298,19.112035272470905],[99.8272386028592,19.111834807657104],[99.8275304191853,19.11180197006439],[99.8275819040871,19.111859562715896],[99.8279431534204,19.1118448418391],[99.8279930011563,19.1116897067693],[99.8285589492396,19.1116209918818],[99.8285416743418,19.111221343599205],[99.8286542463727,19.110941169640196],[99.8292354041642,19.110815035125],[99.829360265893,19.1112353685617],[99.8298281690997,19.111768049559892],[99.8301296999646,19.1119271779513],[99.8316111988011,19.1122965344251],[99.8317312951666,19.1124799442187],[99.8332278377329,19.111663130641695],[99.8340369325348,19.1113153240196],[99.8355446705865,19.110370679586698],[99.8354232437433,19.110262904362795],[99.8348060862633,19.109899211836197],[99.8339643818448,19.1093516478214],[99.8327323327766,19.1085570346161],[99.8323141620792,19.1076403898898],[99.8310639063274,19.106291326621704],[99.83158673564,19.105950107044304],[99.8316390616692,19.105502320165],[99.8322824836092,19.1027661745979],[99.8320888229609,19.102359793843497],[99.8318442655473,19.1018072634052],[99.8318396023654,19.1013954870859],[99.8318272223386,19.1011747091513],[99.8317841746613,19.100696685740495],[99.831526105475,19.1000540444176],[99.8311943215552,19.099465382696405],[99.83087839400811,19.098958985839992],[99.8307549309086,19.098516024513795],[99.830793553921,19.0983248637069],[99.8305121533112,19.097787397460795],[99.8309001510126,19.0977989962962],[99.8311095871069,19.097669011711602],[99.8310681795606,19.097447124910495],[99.8285020370643,19.092429998622404],[99.8284415491685,19.092292478785197],[99.8282037372776,19.091674910303897],[99.8280609344956,19.091296373722493],[99.8282983440664,19.0900907192074],[99.8282766549119,19.089829013080795],[99.827934438038,19.0893722873637],[99.8275525350675,19.089563782806998],[99.82732074990021,19.0895823549571],[99.8266380573882,19.089447555035896],[99.8262832370777,19.088907350296896],[99.8257302840636,19.088612901648993],[99.82513710846482,19.087569810578298],[99.8234611908456,19.086165722723795],[99.8218844826864,19.084752190220698],[99.8185992974852,19.081543254367396],[99.8143885281417,19.077814247465096],[99.8098025664451,19.0735996609258],[99.8068885122798,19.070601081836795],[99.8054592942168,19.068979696674297],[99.8021317370149,19.06535866777149],[99.7976865584901,19.060651072731993],[99.7957897991469,19.0586083570774],[99.7940329700278,19.056717105461995],[99.79255988630597,19.05534295063119],[99.79221190608004,19.054997707661723],[99.79091598424068,19.055010636211055],[99.78998274045291,19.0556608121651],[99.78819343959212,19.056009926667784],[99.78667898170897,19.05630716946769],[99.78560563124235,19.055355221019042],[99.78438422479341,19.054271930886745],[99.78394320083594,19.055658867088002],[99.78334963842711,19.056433720068974],[99.7818980876851,19.05710779801481],[99.78207096122131,19.05950127451785],[99.78214446031289,19.060517462304716],[99.7809905189706,19.060828815566154],[99.77983647721841,19.060488533509],[99.77715150185885,19.06145778719092],[99.77524682764299,19.06214478276236],[99.77435442683587,19.062842927578068],[99.77320133219816,19.063749518332674],[99.77263116601725,19.065098342057677],[99.77215147290002,19.067557737895314],[99.77289125485035,19.069784676852052],[99.77309810340807,19.07121093915678],[99.77305907292784,19.072516841944513],[99.77423915038126,19.074474938470146],[99.77413531585643,19.076130946809663],[99.77271609192019,19.07699823635151],[99.771467554086,19.0777613625678],[99.76987317667245,19.07777024706485],[99.76909498007369,19.07777431011197],[99.76729325356074,19.081854831166474],[99.76598331000919,19.08312247442057],[99.76520547288696,19.08598762863324],[99.76516634606917,19.0876828794834],[99.76439202151545,19.089134586446658],[99.76353288188561,19.090749373621684],[99.76384417420313,19.092577220431625],[99.76514068788138,19.095802751429826],[99.76512761662153,19.096800698968146],[99.76501129526258,19.09702009985032],[99.76462819438228,19.09796714331685],[99.76431074267158,19.098751563497256],[99.76447955822002,19.100969173614224],[99.7639867543406,19.10226549309209]]]},"properties":{"moo":6,"village_name":"สันป่าสัก","part_label":null,"name_source":"village_moo_name_crosswalk.csv (สมดุลน้ำ 2568, ตรวจสอบแล้ว)"}},{"type":"Feature","geometry":{"type":"Polygon","coordinates":[[[99.858029085852,19.1298518552641],[99.8580312220924,19.1307084791715],[99.8582938622673,19.1307390866315],[99.8586804634805,19.130618566672105],[99.8589911835116,19.130630902797304],[99.8590512024791,19.1307019431418],[99.8597457158967,19.1306823970729],[99.86014260022196,19.13159101433322],[99.86027881787187,19.131563741513908],[99.86046130370005,19.13152688031186],[99.86043613755001,19.131377295435943],[99.86069345487748,19.131334781435104],[99.86115897313482,19.13126058730427],[99.86131068021666,19.131117943087553],[99.86218177414172,19.130994617602465],[99.86230662251563,19.131151750249167],[99.86242781894153,19.131430117064568],[99.86246394383122,19.131590995055106],[99.862480031987,19.13189094126685],[99.86254094235768,19.132127664085278],[99.86287137772467,19.132049166505308],[99.8629167073697,19.132183612113646],[99.86321874257379,19.132107713429043],[99.86333058394509,19.132283156736083],[99.8634430704098,19.132457857054487],[99.86365210043427,19.13278513590426],[99.86393690297366,19.132688600289125],[99.86394015671196,19.13261570677716],[99.8641850873638,19.13256128464593],[99.86434669801986,19.132526983940103],[99.86462766000578,19.132465486336212],[99.8646228254301,19.132359212914807],[99.86467927625723,19.132336751106838],[99.86471538726542,19.132220296791996],[99.86483022082939,19.132147741820475],[99.86502537370446,19.132076905355785],[99.86511316036217,19.132391434838613],[99.86534283752131,19.132298115909762],[99.86673563167058,19.131727892049927],[99.86663241140033,19.131439825196033],[99.8665226400033,19.131288666963435],[99.866431244373,19.13117811550412],[99.86714208592797,19.13075315713951],[99.86726094697912,19.13068206148274],[99.86730949833306,19.130737169413127],[99.86754278702088,19.130578351424127],[99.86750399174481,19.130490858615204],[99.86797910608443,19.13008162144637],[99.86824544424171,19.129854454370495],[99.8687398410029,19.129473794664634],[99.86853325079487,19.12925440933944],[99.8690097796041,19.129005162033828],[99.86897948739283,19.12894352516379],[99.86891990455716,19.12886291308781],[99.86889730683068,19.12880888528038],[99.86885812342354,19.128659614601872],[99.868619380862,19.128307942654498],[99.86858722125201,19.128211663472005],[99.86850565248898,19.128094654300497],[99.86879290409615,19.127947541455544],[99.87091150683942,19.12712414861834],[99.87115269703823,19.126853197084422],[99.87106318148247,19.126507357201287],[99.87099101031602,19.12630225893844],[99.87088129029542,19.126037161493965],[99.87086611707295,19.12601355716452],[99.87064373435473,19.125639613917905],[99.87059811845101,19.12515409855808],[99.8709209640321,19.124967600504146],[99.87092461021862,19.124871152215647],[99.87091062238142,19.124776637103494],[99.87091061666379,19.12467650670048],[99.87094782803452,19.124548331300478],[99.87099141773538,19.124448981018492],[99.8711633106811,19.124175274749938],[99.87120113634404,19.12406534676802],[99.87120084868005,19.123911453082236],[99.8711292776778,19.123721642796703],[99.87097415011539,19.123505715671335],[99.87082224046763,19.12343343322736],[99.8706901487875,19.12347894444115],[99.8705674697723,19.123439078177753],[99.87045450011975,19.123420005853973],[99.87034738388763,19.12337907930407],[99.87030247849636,19.12337583894782],[99.8699710341782,19.12345583376462],[99.8698222589208,19.1231610780132],[99.8694985243354,19.1231815026552],[99.8693641361071,19.123253097991405],[99.86909238283891,19.1236897109826],[99.86886989040852,19.1236904301958],[99.8687905344774,19.123754279518703],[99.8686628256835,19.123510719906193],[99.8687010720852,19.1233341215406],[99.8686137504029,19.123266649331097],[99.8684440921305,19.123239064206103],[99.8682948096707,19.123092765129805],[99.8680472872372,19.1231368630826],[99.8679326072696,19.1230524833369],[99.8675970063908,19.122461426094304],[99.8675810735951,19.1222774634343],[99.867896869435,19.122079324191596],[99.8677598101997,19.121931830886897],[99.8675401468341,19.1217500064561],[99.8672867538504,19.121660206766297],[99.8671777658347,19.1216834651078],[99.8670544906464,19.1214470399286],[99.8670304908218,19.121119687461597],[99.8662961178995,19.121320135397095],[99.86616489499902,19.121346747643],[99.8660905017678,19.121394626106703],[99.8656901016206,19.1215578572697],[99.8654563067455,19.1215228633311],[99.8648386083762,19.121271422750997],[99.8648006440409,19.1213078844195],[99.86415944557791,19.1214535128435],[99.8631597266805,19.121822198133895],[99.8629773609564,19.121819271922792],[99.8629104626732,19.12191241622689],[99.8625787804373,19.121917835570198],[99.8622573446311,19.121859460312297],[99.8618674520566,19.1217701073559],[99.8616372010518,19.121720862068905],[99.86155245144082,19.1217802227618],[99.8606711080393,19.1219081309148],[99.8606173881642,19.1217366466923],[99.8596627003946,19.1217599240141],[99.8596472277211,19.1215170333072],[99.8595220712409,19.121342329521394],[99.8595217185452,19.121211650405897],[99.8595010736095,19.121102832286194],[99.8594536806635,19.1208535975155],[99.85944923966781,19.120862361909303],[99.8580320620539,19.121239943228595],[99.8578600523601,19.121207837485994],[99.8570658347087,19.12146481941109],[99.8571572658282,19.1217283890258],[99.8571809651284,19.1218886345292],[99.85715488219621,19.121923287146092],[99.8571571403357,19.1219230423042],[99.8571858720606,19.1220419932082],[99.8572287999752,19.122073194551795],[99.8572845426089,19.122316414665505],[99.8572056360287,19.1223545158978],[99.8572448823394,19.122496000205995],[99.8573224685205,19.1226551566728],[99.8567734029835,19.122899489637696],[99.8572926510113,19.123126814918496],[99.857314236722,19.1233066377473],[99.8574385390137,19.1237490534452],[99.8575465116615,19.1241244723309],[99.8576479985002,19.1241209927658],[99.85766138453221,19.1243071844302],[99.8576837848654,19.1244116491968],[99.8577552128817,19.1245280508524],[99.8577242129143,19.1245746299247],[99.8572905032645,19.1245682649186],[99.857251638831,19.125449464925296],[99.8572240367366,19.1257680094829],[99.8577574961361,19.125766769019197],[99.8577381613556,19.1262405547957],[99.8577833454317,19.126528382321098],[99.8577719387259,19.126592703720704],[99.8577931142802,19.1267041367765],[99.8577075692773,19.127030839763997],[99.8577237405971,19.1271818944276],[99.8577106456817,19.1272838808847],[99.8577903242446,19.127382725332005],[99.8578147268385,19.1275035280212],[99.8577630228746,19.1278366255545],[99.8578163028991,19.1280232468279],[99.8577969282889,19.1281181496583],[99.857940551304,19.128424956327194],[99.8577865822994,19.1284608144923],[99.8577817075979,19.128516238294498],[99.8577928093777,19.1285974455714],[99.8579225632338,19.1289519539534],[99.8579200208997,19.1291235753899],[99.858029085852,19.1298518552641]]]},"properties":{"moo":7,"village_name":"ซ่อน","part_label":null,"name_source":"village_moo_name_crosswalk.csv (สมดุลน้ำ 2568, ตรวจสอบแล้ว)"}},{"type":"Feature","geometry":{"type":"Polygon","coordinates":[[[99.852069640201,19.117090055327797],[99.8520978966535,19.1172550228081],[99.8521689761657,19.117433397171204],[99.8522938206594,19.1177637145588],[99.8524888358386,19.11800500185729],[99.85265087940482,19.118152114322196],[99.8527737182425,19.1182149877686],[99.8528510280968,19.1183284511293],[99.8529015859673,19.1184316392179],[99.8529220620626,19.118666154150805],[99.85288733591831,19.1187775808785],[99.8528762242613,19.118866375676298],[99.8529695823735,19.1189628347161],[99.8529994267157,19.119015982346898],[99.8529983538134,19.118911975081097],[99.8540663182685,19.1186059243646],[99.8543831326971,19.118610781176],[99.8545996488896,19.118447372207896],[99.8548957782087,19.118293942349098],[99.8549043010611,19.1182867260619],[99.8550834096643,19.1181950157504],[99.8554828986023,19.118088226759],[99.8559226373959,19.117923557716203],[99.8560312297238,19.118080572731795],[99.8575100299859,19.117573718427],[99.8578994910839,19.1180732870975],[99.8580081086301,19.1180638481074],[99.8580945835519,19.1180003324754],[99.8587842798076,19.118537244843097],[99.8588035169241,19.118685169087495],[99.8592582820649,19.1189128780548],[99.85963515704532,19.1190400413308],[99.8599294146242,19.119129630769002],[99.8603190947613,19.119262842747695],[99.8605010785782,19.1193918835164],[99.8606187758843,19.119656285335104],[99.8606520765261,19.119641896322005],[99.8610556276726,19.119660188038505],[99.861296847228,19.1195488032981],[99.8616644790722,19.119392921913903],[99.8621231298622,19.119215264979296],[99.8623069245327,19.1190905098888],[99.8626284246951,19.1188484083648],[99.8629252414854,19.118763969661597],[99.8631205531866,19.118677904596293],[99.863592337427,19.118604114650502],[99.8636822251714,19.1188475732301],[99.86442387457402,19.1186773294905],[99.8646447898201,19.119012143108595],[99.8649409356994,19.119505007054894],[99.8653361132133,19.1199664996644],[99.8654726351671,19.120240294756904],[99.8657565852705,19.120318534580598],[99.8660701435387,19.1211834854161],[99.8661702950263,19.1213449890904],[99.8670335388232,19.121121977440296],[99.8670766940337,19.1214351801679],[99.8671910809776,19.12167647842359],[99.8672833374707,19.1216508461874],[99.8675594530073,19.1217663714088],[99.8679151297694,19.122097283267003],[99.86760257798151,19.122287829511592],[99.8676069703733,19.1224636800051],[99.86794941206331,19.123057975070605],[99.8680264710387,19.123140089689002],[99.8683147948719,19.123097416065],[99.8684685437289,19.123228034436597],[99.8686142342717,19.123270645017197],[99.8687135265097,19.123327327526397],[99.86869086114771,19.1235047820519],[99.86879729447261,19.1237242551394],[99.8688891178436,19.123672705020198],[99.8691016792002,19.123674993378497],[99.8693623390351,19.123254806089697],[99.8695009236712,19.123170188381696],[99.8698495741137,19.1231443515546],[99.86997096931212,19.123455834071333],[99.87030280347227,19.123375960723983],[99.87034874542924,19.12337894954997],[99.87021901708042,19.123281159109062],[99.8706397910431,19.12310350858359],[99.8706187759249,19.123054344335998],[99.8705037056371,19.122782736187148],[99.87057505563477,19.122732395030212],[99.87105568954706,19.122391748382643],[99.87138425071254,19.122158240218145],[99.87177974370026,19.121922811312032],[99.87238007936368,19.12161205256599],[99.87324188277927,19.12116391334071],[99.87305156133425,19.12049645819324],[99.873056354697,19.120268542383],[99.87308202128452,19.11997247860297],[99.87311554626096,19.119636907238753],[99.87317057415748,19.11924574282431],[99.87316117258489,19.119184747325157],[99.87311607373171,19.11899623022005],[99.87305036703584,19.11883611128149],[99.87274063342254,19.1184655440262],[99.87264282788084,19.11831951154792],[99.8725575734662,19.118191916507037],[99.87245122141746,19.11802409796416],[99.87234585546778,19.117883465277544],[99.87224040938995,19.117742786659335],[99.8721158449102,19.117611863261004],[99.87199526555918,19.117504473747886],[99.87193893034132,19.117454286216102],[99.87170555708872,19.117289192256962],[99.87162456583613,19.117195056126633],[99.87157617042278,19.11707635724083],[99.87331955115839,19.11644634657229],[99.87341308756724,19.116409525254827],[99.87357458728678,19.116345144470635],[99.87371323413075,19.1162892419343],[99.87431054884314,19.11604995197616],[99.87425515308898,19.115951009522046],[99.8742071718866,19.115855854544304],[99.87407743341242,19.1157615656859],[99.87406118606037,19.115670787864854],[99.87398342025526,19.11557027140499],[99.8739704366103,19.11546332016746],[99.87378324411623,19.115327997762147],[99.87370869834861,19.115302097458905],[99.87363092071907,19.115240542140018],[99.87358875687771,19.11516917040689],[99.87357584735844,19.115097883320917],[99.87359915969404,19.11496701037846],[99.87363735676594,19.11490991994506],[99.87368587878014,19.114858113798185],[99.87377975128423,19.114777421987373],[99.87391302099397,19.114682916946627],[99.87415279450947,19.114547728982416],[99.87415631012937,19.11440211000376],[99.87407817960771,19.11434625014558],[99.87396218761027,19.114294022805282],[99.87383675514027,19.11426594797747],[99.87370526365905,19.11422661864733],[99.87358236817136,19.11418139103665],[99.8735345814226,19.114098381282126],[99.873491459827,19.11398970018451],[99.87339472059993,19.113947492802744],[99.87294683787646,19.113737949989247],[99.87283967893032,19.113712500690482],[99.87270712113315,19.113666844303424],[99.87258719325686,19.11357282761238],[99.87236361608447,19.113324008077836],[99.87229874598196,19.113178246870064],[99.8722306729735,19.11310043881722],[99.87217219717463,19.113094018436495],[99.87204916782794,19.113097252576598],[99.87197456796122,19.11307123231662],[99.87194845667167,19.113037279103217],[99.8719421639656,19.113029077738034],[99.8719394927789,19.113025187712882],[99.87190651981618,19.112977250686715],[99.87198756986145,19.11281843592622],[99.87201026569963,19.112724428096676],[99.87213017725564,19.11247890984778],[99.87204267342632,19.112375187700994],[99.8696551172697,19.113190370876097],[99.869531200694,19.113093112597095],[99.8690829427141,19.113292801691298],[99.8690505366838,19.113280900445595],[99.8670784382929,19.113814428095594],[99.8670500647702,19.1138477098484],[99.867059555981,19.113986233495993],[99.8669409681211,19.1140602576533],[99.8668784787007,19.114034595225],[99.8667960461708,19.1139048691147],[99.8662726159501,19.113964646554592],[99.8662229969371,19.1138616854696],[99.866124045271,19.1138786048485],[99.8660266647953,19.1136886555625],[99.8659532232262,19.1135597254886],[99.8652261925037,19.1137082324193],[99.8642851375296,19.113985987466602],[99.8635835421246,19.1141811575859],[99.8617966767768,19.114735355077894],[99.8611055950665,19.114941672895192],[99.8610482368337,19.1149953729359],[99.8609013881339,19.1150836260139],[99.8606700970693,19.114709741395096],[99.86053627129341,19.114656360845196],[99.8604125893417,19.1146505034522],[99.8602534722033,19.11469236711],[99.8598323424826,19.114763907118594],[99.859307810792,19.114807647299298],[99.85929320072681,19.114738525638096],[99.8591109223414,19.114728557904897],[99.8584583493326,19.114678405094303],[99.8578924521542,19.1146215672244],[99.8575832178066,19.1149787352605],[99.8574108560946,19.1150767552183],[99.8571862854758,19.1152215876287],[99.8568632290365,19.11537154138],[99.85659922632271,19.115434190545002],[99.8560032375812,19.1155341474851],[99.8556954998275,19.115663172184398],[99.8554084660258,19.115715992844997],[99.8551236505009,19.1157580555145],[99.85509463984461,19.1154795276419],[99.8549858379715,19.115333983796194],[99.8549208305701,19.115269399863397],[99.8546974945623,19.1152596060457],[99.8544014564698,19.11527223840559],[99.8542511117931,19.1150822346549],[99.8541083893629,19.114852898631998],[99.854003319018,19.114905660899595],[99.8539505177912,19.11503026176929],[99.853854405908,19.1151196360331],[99.853778191297,19.1151766750778],[99.8536334927756,19.115472748836694],[99.8534828473621,19.1157315164542],[99.8537300035974,19.1158106356525],[99.8538583280516,19.116036324905995],[99.8540234192429,19.1161399609804],[99.8541515814114,19.1162512954411],[99.8541620630244,19.116403010440497],[99.8542934759297,19.116698635760304],[99.854238886092,19.1167862226386],[99.8543378727541,19.117008768119796],[99.854374810098,19.117118412039495],[99.85373310221941,19.1170391531964],[99.85342085599162,19.117011867115096],[99.852952034192,19.116963982701893],[99.8527042732225,19.116924004252493],[99.8523859119119,19.117024304090105],[99.852069640201,19.117090055327797]]]},"properties":{"moo":8,"village_name":"แม่นาเรือปง","part_label":null,"name_source":"village_moo_name_crosswalk.csv (สมดุลน้ำ 2568, ตรวจสอบแล้ว)"}},{"type":"Feature","geometry":{"type":"Polygon","coordinates":[[[99.8541866290283,19.1219591689125],[99.8541988417484,19.122025456982502],[99.8549128267196,19.1222843223443],[99.8548285438164,19.121524712150904],[99.8546427342528,19.1210901395602],[99.8544283921867,19.1206428598611],[99.853784573866,19.119804586973398],[99.8536900195571,19.119665619191],[99.8535830741391,19.119484690115698],[99.8534793233589,19.119366588194403],[99.8533948191465,19.119285079698304],[99.8532123433326,19.119349503512698],[99.8531849248496,19.119451435344196],[99.8530841218195,19.119647650252794],[99.8530514602007,19.1198426982715],[99.8530649268171,19.120065217493703],[99.8533485140236,19.120295820873498],[99.8537117101235,19.120509309238997],[99.8538721928839,19.120849526649096],[99.8542585346876,19.121242427573495],[99.8543015940573,19.121446342306605],[99.854309186271,19.121691491455504],[99.8541866290283,19.1219591689125]]]},"properties":{"moo":9,"village_name":"แม่นาเรือสันทราย","part_label":null,"name_source":"village_moo_name_crosswalk.csv (สมดุลน้ำ 2568, ตรวจสอบแล้ว)"}},{"type":"Feature","geometry":{"type":"Polygon","coordinates":[[[99.8533584294228,19.1169976924671],[99.8537247764192,19.117032809729103],[99.854381555236,19.117116942223493],[99.8542381868213,19.116783482988595],[99.8543005106055,19.116697549787695],[99.8541619159983,19.1164089050464],[99.8541520837561,19.1162421371223],[99.8539574148016,19.1160964244663],[99.8538577890685,19.116036176365697],[99.853729967963,19.115811013008102],[99.8534787955718,19.115733069132702],[99.8535880866363,19.115549602692894],[99.8537322696463,19.115298511367705],[99.8537753784801,19.1151774514336],[99.8538585691404,19.115115185644598],[99.8539501683757,19.115024698614295],[99.8539985558341,19.114906703078997],[99.8541079527553,19.1148513013189],[99.8542511308908,19.115092970558894],[99.8543996486061,19.115275296762096],[99.8546255433869,19.1152561906112],[99.8548279380814,19.115256305779],[99.85492171482471,19.1152680291749],[99.8550151274543,19.1153566357957],[99.8550838917467,19.115486424069097],[99.85512721324301,19.1157676908443],[99.855416433881,19.115730006118795],[99.8557070745148,19.115665629102],[99.8559108026392,19.115580309466296],[99.8560068457196,19.115528403537102],[99.85633730378021,19.115469717429892],[99.8566585965356,19.115423034499994],[99.8568457916951,19.115372143220995],[99.8571390314103,19.115243031974497],[99.8574080163069,19.1150954690896],[99.857608660027,19.114931406640604],[99.8578755168816,19.114616829099496],[99.8584717495797,19.1146775441745],[99.8584609727557,19.1143608543198],[99.8582486534782,19.1143855688439],[99.8581301403292,19.114295529570693],[99.8580179992947,19.1143281879414],[99.8577430186677,19.114382664876896],[99.8576639542616,19.1142681698596],[99.85755920905932,19.1140760814776],[99.8574534747063,19.1139225802943],[99.8572778479996,19.1136206257833],[99.85731219209862,19.113600646185596],[99.8571873949231,19.1133021967975],[99.8569874959454,19.113241765781492],[99.8569702000848,19.1130963174892],[99.8568951830826,19.1129306030408],[99.8568555697014,19.1129044749063],[99.856605015171,19.1129300882934],[99.8565391196089,19.1126713066752],[99.8565464374506,19.112494368357403],[99.8575148012871,19.1123035201869],[99.8575297573352,19.112256172072797],[99.8574992665064,19.1118721103032],[99.8574569683159,19.1114926375828],[99.8573845200416,19.1113117282873],[99.8572788755075,19.110901747509697],[99.8568895910283,19.111005418543595],[99.8568711687285,19.110953047964202],[99.8568473856878,19.1108615405092],[99.8567755743481,19.110694941001196],[99.8566514050571,19.1107227290004],[99.8565549896284,19.110501139429793],[99.8563925907843,19.110555778248898],[99.8563506835696,19.110321379187198],[99.8563163076436,19.1102426365631],[99.8560805658692,19.1098473251807],[99.8561606121725,19.1097258571219],[99.8560171814482,19.109370556601597],[99.85585467974761,19.109419078470797],[99.8557196048729,19.108990438676603],[99.8560701042517,19.1088427515354],[99.8563337034502,19.108762189778002],[99.8562700915716,19.108622212770598],[99.85621014446392,19.1085128779654],[99.8561234276189,19.108369809803705],[99.8560344845762,19.10825261419689],[99.8558839053259,19.107998700619795],[99.8556942122866,19.107769502343],[99.855476346481,19.107861877785496],[99.8554073183976,19.107915033067197],[99.8553635103446,19.1079141978809],[99.8547833581972,19.108175878898],[99.8546833948078,19.1079582406537],[99.8543887325732,19.1079240101059],[99.8542529946972,19.107882209155896],[99.8540075349491,19.1079874352778],[99.8537179875761,19.1078908710967],[99.8535939094896,19.107824987268497],[99.8534604639674,19.107907240014995],[99.8533388304519,19.1079134410475],[99.8532848232632,19.107810839984896],[99.8531670697237,19.107724714879296],[99.8526936964584,19.107751143846695],[99.8524185456562,19.107684074819],[99.8521295935245,19.1076728551243],[99.8519965418466,19.1076385425292],[99.8518426700303,19.107416595076895],[99.851687041968,19.1072811058912],[99.8515625356827,19.10731371466],[99.8515244162559,19.107444064205698],[99.8514339454257,19.107543322040794],[99.8513328182966,19.1075407942271],[99.8511394670388,19.107381477724296],[99.85084733561001,19.1074248269141],[99.8506602796295,19.107505673696302],[99.8505666217728,19.1075887727613],[99.850315244963,19.107552630986298],[99.8502178427495,19.1074669531988],[99.8501603515712,19.107222091139995],[99.8501258423832,19.1071744329945],[99.84993426092352,19.10715130427179],[99.8494984268813,19.10738520112089],[99.8489189829079,19.107489009560602],[99.8490415544924,19.107703345247696],[99.8491391107065,19.107963124997095],[99.8493597125388,19.108611563340496],[99.8493950088032,19.108754986690702],[99.8494529218666,19.1090199115286],[99.8496225785224,19.109745074965993],[99.8496826201262,19.1101681926754],[99.8496875227583,19.110315554419895],[99.84976681076482,19.110359839430103],[99.8499961572421,19.1103198061963],[99.8500601731325,19.110490081772003],[99.8504318605306,19.1104716854301],[99.8508148423678,19.110410293412798],[99.8517303596533,19.110243633978705],[99.852411433175,19.110206102574992],[99.8524146361444,19.1103185132325],[99.8525183651772,19.1107695451736],[99.8525951245385,19.1108960295101],[99.8526215676056,19.1110360469405],[99.852854910656,19.111789532708798],[99.8534128971927,19.112956714083392],[99.8525920210556,19.1132805568748],[99.8526041886611,19.113398591826392],[99.8528014744386,19.113496562741393],[99.8529257906126,19.113638270972203],[99.8531233673692,19.113567060178696],[99.8534926864827,19.1141715137723],[99.8534575569457,19.1142235219375],[99.852763628761,19.1145437798509],[99.8525899402729,19.1146091518993],[99.8518911935638,19.114688400335996],[99.8516894163461,19.114716373667303],[99.851093571106,19.1148330902393],[99.8512410251828,19.1153676052318],[99.8511744070858,19.115384988551003],[99.85126996033301,19.115501218052405],[99.8512709443049,19.115711500142595],[99.8514181583638,19.116113864343898],[99.8517437986999,19.1166707651487],[99.851939293816,19.116994205432896],[99.8520549664811,19.117086712319498],[99.8523869146375,19.117028294488104],[99.85269777459321,19.116921657287104],[99.8529182804412,19.1169705072429],[99.8533584294228,19.1169976924671]]]},"properties":{"moo":9,"village_name":"แม่นาเรือสันทราย","part_label":"เขต2","name_source":"village_moo_name_crosswalk.csv (สมดุลน้ำ 2568, ตรวจสอบแล้ว)"}}]}