{"type":"FeatureCollection","features":[{"type":"Feature","geometry":{"type":"Polygon","coordinates":[[[99.8775391066462,19.035543430046264],[99.8772733201069,19.035815699184084],[99.87724738971282,19.03604583143153],[99.87738028298247,19.036379685255287],[99.87771413680622,19.036775123764983],[99.87593142221334,19.037193251369484],[99.8761615544608,19.03782368407552],[99.87651161478085,19.03769079080586],[99.876563475569,19.037862579666633],[99.87625312116488,19.03873773046678],[99.87526128359139,19.038728006569006],[99.87474267570981,19.038468702628215],[99.87455143905349,19.038316361563012],[99.87439909798827,19.038078126067408],[99.87433751330234,19.036630885947915],[99.87413331144897,19.035579084338103],[99.87381242282225,19.035559636542548],[99.87382862931855,19.03515123283581],[99.87400365947857,19.035005374369128],[99.8743731675942,19.03469096834092],[99.87455468035274,19.034227462546777],[99.87493391236612,19.0341204996712],[99.87519969890542,19.033796369745215],[99.87494687756315,19.033653752577784],[99.874732951812,19.033984365102288],[99.87452550865937,19.03387416092746],[99.8743699262949,19.033938986912652],[99.87425323952155,19.03406863888304],[99.8741365527482,19.034101051875634],[99.87406524416448,19.03434090802087],[99.87387724880742,19.03454835117349],[99.87350125809328,19.034490007786818],[99.87344939730512,19.03478820731872],[99.87328733234213,19.035060476456536],[99.87311230218211,19.03483358550836],[99.87212046460861,19.034846550705396],[99.8720815690175,19.034989167872826],[99.87224363398047,19.035157715434334],[99.87197136484266,19.035462397564757],[99.87234087295828,19.035475362761787],[99.8723797685494,19.035656875520342],[99.87285948083984,19.035656875520342],[99.87303451099987,19.035844870877412],[99.87313823257618,19.036514199174558],[99.87263907249017,19.037078185245765],[99.87265852028574,19.037285628398394],[99.87424027432452,19.0371235634354],[99.87428565251415,19.038141331402983],[99.87446068267418,19.0383811875482],[99.87478481260015,19.03859511329935],[99.87524507709507,19.0389014160794],[99.87527100748915,19.039238511202424],[99.87542334855436,19.039452436953567],[99.87510245992763,19.039990492630697],[99.87492256781871,19.039919994371786],[99.87420299938304,19.039550486256175],[99.8737881130778,19.039887581379194],[99.8731981966125,19.038843883017535],[99.87207670706862,19.03931711270947],[99.87135713863294,19.03945324727838],[99.87159699477816,19.039829237992517],[99.8720378114775,19.040127437524415],[99.87246566297979,19.04054232382967],[99.87271362237317,19.04094748623714],[99.87254507481165,19.04121327277645],[99.87238949244718,19.041109551200133],[99.87166992401151,19.04118734238237],[99.87152730684407,19.041336442148317],[99.87190329755822,19.04203008018991],[99.8712031769181,19.042127319167708],[99.87097628596992,19.042347727517377],[99.87097628596992,19.042788544216705],[99.8713328288885,19.042846887603382],[99.87137172447962,19.043106191544165],[99.87135875928257,19.043527560447938],[99.87099573376547,19.043547008243493],[99.87063270824838,19.043939205453945],[99.87040905859946,19.04412071821249],[99.87027616532981,19.044369487930677],[99.87030857832241,19.044868648016685],[99.87003630918458,19.045380773299733],[99.87015947991979,19.045730833350877],[99.87018540895053,19.045750281415355],[99.87049009108095,19.04574379881683],[99.87093090778029,19.04569193802867],[99.87109945534179,19.046158685122084],[99.8713004158959,19.046301302289514],[99.87161806322337,19.046229993705808],[99.87176230104043,19.046511986741404],[99.87149975580039,19.046612467018456],[99.8713376908374,19.046751842886625],[99.87124693445813,19.046875012258504],[99.87132796693962,19.047124592301504],[99.87125746868072,19.047129454250395],[99.87069996520803,19.047174832440035],[99.8705897610332,19.04724614102375],[99.87048603945689,19.047515168862308],[99.87032073319463,19.04763509693492],[99.87018459862573,19.04765778602974],[99.86997067287457,19.04775826630679],[99.86982805570715,19.04791708997053],[99.86947151278856,19.047985157254985],[99.86920896754853,19.047832816189764],[99.86900800699442,19.04770640551864],[99.86882001163735,19.04741792988451],[99.86845698612025,19.04682477211996],[99.8681393387928,19.046892839404425],[99.8683078863543,19.047703164219374],[99.86745218334973,19.048043500641647],[99.86723825759857,19.04793329646682],[99.86691088637333,19.04731096700894],[99.86676502790664,19.047210486731885],[99.86652517176142,19.04724289972448],[99.86620428314218,19.047203193807526],[99.86583477501908,19.04755973672713],[99.86604221817171,19.047783386376054],[99.86565326226054,19.048146411893153],[99.86630476341175,19.0486099176873],[99.8664862761703,19.048977805153296],[99.86635986549916,19.049230626495557],[99.86635662419991,19.049476965239293],[99.86683552616554,19.049414570228546],[99.86813852846798,19.049790560942686],[99.86877382312291,19.04951180920634],[99.86900071407109,19.0499266955116],[99.86874789272882,19.05020220594868],[99.86879975351698,19.05047609573613],[99.86865065375103,19.05060898900578],[99.86872844493327,19.050916912435458],[99.86888402729774,19.050881258143605],[99.86889528107243,19.050912447303144],[99.86889462413266,19.05090859949906],[99.87042548335312,19.050415610936547],[99.8705746772602,19.05072697213392],[99.87013358223058,19.051038333331306],[99.87037358982022,19.051751869408637],[99.87031520959572,19.0521086374473],[99.87034764305378,19.05342381417165],[99.87124280649624,19.05350814116261],[99.87133037683301,19.05426708408122],[99.87291312958637,19.05410167344511],[99.87488508383643,19.05395896622964],[99.87542996593186,19.053907072696738],[99.87554672638088,19.054802236139217],[99.87579322066213,19.05547685206687],[99.87663649057168,19.056601482225098],[99.87692028332971,19.056897437529905],[99.87693325671295,19.0573774527092],[99.87712137076969,19.058055311982667],[99.87721542779806,19.058600194078075],[99.87735813501352,19.059404543837978],[99.87773436312702,19.060092133148856],[99.87798085740829,19.060351600813338],[99.8786295265695,19.062887897233676],[99.87860357980304,19.06452254351992],[99.87826627183921,19.065300946513364],[99.87855168627014,19.065677174626877],[99.87882412731786,19.066753965434476],[99.87865547333594,19.067117220164754],[99.87897980791655,19.068116170673015],[99.87897980791655,19.0688037599839],[99.87889872427141,19.06929674854642],[99.87885980412173,19.069763790342495],[99.8785743896908,19.07038651273725],[99.87893764442107,19.0708405811501],[99.87900413301011,19.070989775057196],[99.87882250564498,19.071041668590095],[99.8786279048966,19.07140492332037],[99.87847222429792,19.071768178050654],[99.87825167678311,19.07214440616415],[99.87816086310053,19.07255955442733],[99.87781058175348,19.072948755924045],[99.87712947913421,19.07288064566214],[99.87675973771232,19.073127139943395],[99.87667541072138,19.073321740691757],[99.87654567688912,19.073399580991097],[99.8763770229072,19.073542288206568],[99.87613052862595,19.07352282813173],[99.87543645262346,19.073133626634995],[99.87530671879122,19.072770371904706],[99.87432074166618,19.072731451755043],[99.87338665807404,19.07258874453957],[99.87281582921217,19.07260171792281],[99.87269906876315,19.07251090424023],[99.87246554786512,19.072303330108646],[99.87205039960195,19.072095755977045],[99.87166119810522,19.072199543042846],[99.87131091675816,19.07243306394089],[99.87099955556079,19.072744425138257],[99.87064927421373,19.07288713235373],[99.87033963529846,19.073290594098044],[99.8699648966451,19.07361190928683],[99.86933380370594,19.073755486308244],[99.86885045084631,19.073872801362775],[99.86821855690876,19.073862995880738],[99.86755924448973,19.07375106220409],[99.86732938118851,19.0734965059632],[99.86710018345622,19.07336976508272],[99.86680576453425,19.073626786947404],[99.86640267016426,19.07366702703875],[99.8658214954215,19.073069008316345],[99.86541661045462,19.07276414370579],[99.86541554877905,19.07255963850942],[99.86523893172335,19.072202574466715],[99.86511675067598,19.071973073726518],[99.8650087010011,19.071829048140344],[99.86516153310991,19.0726519897828],[99.86513558634346,19.072989297746624],[99.86522640002603,19.07324876541111],[99.86552478784019,19.073475799617544],[99.86542748746601,19.073826080964594],[99.86537559393311,19.07393635472201],[99.86550532776536,19.074040141787794],[99.86535613385827,19.07442285659291],[99.86536262054989,19.074565563808374],[99.86546640761568,19.074604483958044],[99.86555722129825,19.07463691741611],[99.86550532776536,19.07478611132318],[99.86551181445697,19.074967738688326],[99.8656350615976,19.075188286203122],[99.86588155587886,19.075188286203122],[99.86591398933692,19.07528558657732],[99.8659593961782,19.075772088448232],[99.8659561528324,19.075852361256914],[99.8659593961782,19.076173452491712],[99.86582966234596,19.076212372641393],[99.8658491224208,19.07630967301557],[99.86573236197178,19.076358323202665],[99.8657388486634,19.07644589353944],[99.86584263572918,19.07646778612362],[99.86588479922466,19.07665914352617],[99.86593344941176,19.076788877358418],[99.86605345320658,19.07680509408744],[99.86623508057171,19.07692185453646],[99.86626751402977,19.07711321193902],[99.86635508436655,19.07715780794385],[99.86641995128267,19.077329705271577],[99.86652698169426,19.077446465720584],[99.8665464417691,19.077530792711553],[99.8666015786478,19.077621606394118],[99.86661779537683,19.077744853534742],[99.86662103872264,19.07788431740441],[99.86661779537683,19.078036754657298],[99.8666599588723,19.07816648848953],[99.86701348356517,19.07816567765309],[99.86700375352775,19.07839595520531],[99.8670232136026,19.078506228962713],[99.86720808431353,19.078496498925297],[99.86722105769675,19.078610016028506],[99.86730538468771,19.07881110346849],[99.86736376491223,19.078937593954926],[99.86742214513673,19.07905759774975],[99.86764917934316,19.079206791656826],[99.86703943033163,19.079180844890384],[99.86600155967369,19.079427339171634],[99.86532694374604,19.07975167375224],[99.8643928601539,19.080270609081204],[99.86265442680185,19.081126852374002],[99.86116897442268,19.081996069050017],[99.86046841172858,19.08215174964871],[99.8605332786447,19.080088981716063],[99.85991055624994,19.080050061566403],[99.85946946122031,19.08007600833285],[99.85852240424495,19.08006627829542],[99.85535041204665,19.08018303874443],[99.85514283791505,19.079197061619404],[99.85503905084926,19.077925670063436],[99.8547406630351,19.07639481084297],[99.85520121813956,19.076099666374628],[99.85472120296026,19.076151559907522],[99.85442281514611,19.075399103680525],[99.85390387981714,19.075593704428886],[99.85294384945855,19.075541810895988],[99.85289195592566,19.07472448775287],[99.85295682284178,19.073842297693613],[99.85188003203417,19.073780674123302],[99.85145191038777,19.07327471217755],[99.85104973550781,19.072431442267984],[99.85207463278253,19.07178277310678],[99.8520828624398,19.071756290613983],[99.85196282451194,19.071848412730432],[99.85094829784363,19.072331366320142],[99.85068251130433,19.072318401123102],[99.85010393938649,19.071893790920075],[99.84940706004562,19.0722146795468],[99.84945243823526,19.072392951006098],[99.84930657976857,19.072661978844657],[99.8491185844115,19.07268142664021],[99.84894112327703,19.072508827454627],[99.84846141098657,19.072845922577645],[99.84837389590656,19.072651444622057],[99.8477580490472,19.072606066432424],[99.8480724550754,19.07346825203552],[99.84713896088859,19.073617351801484],[99.84716246030821,19.073913930683755],[99.84721432109637,19.074066271748965],[99.84701660184152,19.074153786828976],[99.84692584546225,19.074020893559325],[99.8467929521926,19.07406951304822],[99.84657254384294,19.074033858756362],[99.84642344407698,19.07400468706303],[99.84612200324582,19.074256698080468],[99.84655309604737,19.074720203874623],[99.84638778978513,19.074781788560564],[99.84628082690955,19.0751577792747],[99.84579463202058,19.075446254908822],[99.84580435591836,19.075799556528136],[99.84571035823983,19.07578010873258],[99.84538298701459,19.075631008966628],[99.84507182228565,19.075475426602157],[99.84496810070934,19.075391152821396],[99.84487734433006,19.07524205305545],[99.84473877878669,19.075179658044704],[99.84438223586811,19.07509214296468],[99.84435630547404,19.07468373925795],[99.84409376023399,19.07477773693649],[99.84403865814657,19.074664291462394],[99.84404189944584,19.07443821083902],[99.84405810594214,19.074123804810817],[99.84384742149025,19.073926085555982],[99.84357515235243,19.073880707366335],[99.8433628472509,19.073683798436303],[99.8431942996894,19.07374538312224],[99.84307113031753,19.073735659224464],[99.8429123066538,19.073683798436306],[99.84280210247897,19.07347311398442],[99.8426627266108,19.073317531619946],[99.84238397487447,19.07310684716806],[99.84205984494848,19.072847543227276],[99.84186536699289,19.071654745099668],[99.84163847604471,19.070974072255115],[99.84122358973946,19.070423051380946],[99.84061422547862,19.071012967846233],[99.84105504217794,19.071453784545565],[99.84134675911133,19.071700123289304],[99.84161254565063,19.071810327464142],[99.84191722778101,19.07273733905245],[99.84167575098616,19.07291804148618],[99.84120900389274,19.07301852176323],[99.84076818719342,19.073067141252135],[99.84064177652229,19.07309631294547],[99.84014261643628,19.073329686492176],[99.84000324056811,19.07330375609809],[99.83988655379476,19.073232447514382],[99.83964426667508,19.07314574275918],[99.83946275391654,19.073119812365096],[99.8392715172602,19.073142501459923],[99.83910945229722,19.07299016039471],[99.83845146854748,19.07312305366436],[99.8380787191326,19.072909127913217],[99.8376670741266,19.072691960862805],[99.8376281785355,19.07244562211907],[99.8375309395577,19.072380796133874],[99.83747583747028,19.07247803511166],[99.83727163561691,19.07240996782721],[99.8371030880554,19.072309487550154],[99.83703502077094,19.0721603877842],[99.83683081891758,19.072089079200484],[99.8366914430494,19.0730112288399],[99.8368535080124,19.074265611653438],[99.83694750569093,19.07430450724456],[99.83702853817243,19.07435960933197],[99.83719708573398,19.07446657220755],[99.83730080731029,19.074641602367578],[99.83809492562894,19.07490090630836],[99.838444985949,19.07525258727805],[99.83753742215625,19.07561561279515],[99.83712901844952,19.07584250374334],[99.83720032703323,19.075998086107806],[99.83741425278438,19.075998086107802],[99.83746611357253,19.076267113946365],[99.83727325626657,19.076364352924152],[99.83721167158065,19.076584761273825],[99.83712415650062,19.076630139463465],[99.83674168318797,19.076724137141998],[99.83610962983231,19.076707930645693],[99.83596377136561,19.076422696310836],[99.83606425164267,19.076173116267835],[99.83608369943823,19.075836021144816],[99.8358762562856,19.07570961047368],[99.83579198250484,19.075800366852956],[99.8357239152204,19.075907329728523],[99.83558129805296,19.076176357567093],[99.83549864492178,19.07634328447897],[99.83521989318545,19.076382180070084],[99.83514858460174,19.0761228761293],[99.83487631546392,19.076012671954462],[99.83461701152312,19.075908950378157],[99.83426046860455,19.076025637151513],[99.83412433403564,19.076304388887852],[99.83393633867857,19.076647966609393],[99.83350200457775,19.076505349441955],[99.8333853178044,19.076213632508576],[99.83310656606807,19.076207149910054],[99.83292505330951,19.076382180070087],[99.83226382826051,19.076822996769423],[99.8325879581865,19.07710823110428],[99.83258147558797,19.077257330870232],[99.83236268788794,19.07754580650435],[99.83203207536344,19.077766214854016],[99.83146160669371,19.078174618560755],[99.8311958201544,19.07808386218148],[99.83081982944027,19.078161653363715],[99.83067072967432,19.078304270531152],[99.83038549533946,19.078207031553355],[99.82963999650971,19.077947727612575],[99.82971130509343,19.078518196282296],[99.83023477492388,19.079210213674262],[99.83087655217732,19.079929782109932],[99.83122012989887,19.080104812269965],[99.83164149880264,19.08044190739298],[99.831596120613,19.080613696253753],[99.83061076563801,19.081099891142724],[99.83079876099508,19.081540707842052],[99.83109047792847,19.081456434061295],[99.83169335959079,19.081540707842052],[99.8321276936916,19.081787046585795],[99.83244534101907,19.08207876351918],[99.83266574936873,19.08258440620371],[99.83258147558797,19.082889088334134],[99.83237403243535,19.08316135747196],[99.83210824589604,19.083284526843823],[99.83247127141314,19.08378692822909],[99.83273705795244,19.08442222288402],[99.83250368440574,19.084752835408512],[99.83198507652418,19.084927865568538],[99.83168687699226,19.085483748391592],[99.83127199068701,19.086138490842075],[99.8314988816352,19.086734889905873],[99.83175818557599,19.08690343746739],[99.83162205100707,19.087409080151907],[99.83151832943076,19.08774617527493],[99.831596120613,19.088232370163905],[99.83232217164719,19.089616404947837],[99.8318294941597,19.089921087078263],[99.8314227111026,19.089925949027155],[99.83110506377514,19.09006208359606],[99.83111154637366,19.090710343448023],[99.83060590368913,19.090820547622847],[99.83031418675574,19.091300259913304],[99.82960920416674,19.091501220467414],[99.82958327377267,19.09198741535638],[99.82888963573107,19.092097619531216],[99.8282413758791,19.092227271501603],[99.82770332020198,19.092220788903088],[99.82735325988192,19.09216892811493],[99.82692540837964,19.092019828348977],[99.8266207262492,19.0918529014371],[99.82689947798555,19.09132781095701],[99.82667258703736,19.090990715833993],[99.82638087010399,19.09064713811246],[99.8261539791558,19.09058879472577],[99.8256613016683,19.090990715833993],[99.82526748380825,19.09052558939021],[99.82438585040958,19.089533751816717],[99.82371814276206,19.08885307897215],[99.82337618569015,19.088606740228414],[99.82301316017306,19.088535431644694],[99.82276682142931,19.088969765745514],[99.82261123906484,19.08939437594854],[99.82228710913886,19.08953699311598],[99.82219635275959,19.089893536034555],[99.82246862189741,19.09065848265987],[99.82277330402783,19.09147529007333],[99.82258044672187,19.09195986431267],[99.82217852561367,19.091920968721556],[99.82186087827664,19.0917200081663],[99.82170529592173,19.09195986431267],[99.82173770891433,19.092283994238652],[99.8215302657617,19.09251736778536],[99.82129040961648,19.09251088518684],[99.82097276228902,19.092264546443094],[99.82068752795415,19.092232133450494],[99.82027912424742,19.09219972045789],[99.81980589455549,19.09197931210823],[99.81946879943247,19.091713525568935],[99.8191835650976,19.0914088434385],[99.8189177785583,19.091071748315493],[99.81867792241307,19.09065686201023],[99.81853530524565,19.09074113579099],[99.81853530524565,19.09097450933769],[99.81861309642788,19.09135050005183],[99.81883350477754,19.091726490765968],[99.81910577391537,19.092108964078626],[99.81948176462951,19.092251581246053],[99.81993554652588,19.092322889829767],[99.82027912424742,19.092504402588318],[99.82027912424742,19.092912806295054],[99.82011219733553,19.09302138982025],[99.8195676590599,19.093034355017295],[99.81925649433096,19.093267728564],[99.8187443690479,19.09337793273883],[99.81823872636338,19.093390897935873],[99.81767474029218,19.09352054990626],[99.8173052321766,19.093708545263333],[99.81698758484913,19.093864127627807],[99.81708482382693,19.094123431568587],[99.81698110225061,19.09436328771381],[99.81709778902396,19.094830034807224],[99.817110754221,19.09530974709767],[99.81711723681953,19.09584132017628],[99.81694220665949,19.09632751506525],[99.81660511153648,19.09648309742972],[99.81611243404899,19.096470132232685],[99.81567161734965,19.096424754043042],[99.81537341781775,19.09629510207265],[99.81507521828586,19.09632103246673],[99.81476405355691,19.096133037109663],[99.81467329717763,19.095828354979243],[99.81464736678356,19.095439399068066],[99.81456471365243,19.094864068449453],[99.8140590709679,19.09473441647905],[99.813760871436,19.094689038289424],[99.81343674151003,19.094630694902747],[99.8129310988255,19.094377873560482],[99.812556728761,19.09409263922562],[99.81219370324389,19.094086156627096],[99.81178529953716,19.094047261035982],[99.8113315176408,19.094092639225618],[99.8108388401533,19.094092639225625],[99.81052767542437,19.094157465210824],[99.80998313714872,19.093755544102606],[99.80955528564643,19.09347030976774],[99.80907557335598,19.092783154324664],[99.80873847823295,19.09256274597499],[99.80860882626257,19.09209599888159],[99.80834952232178,19.09161628659114],[99.80785684483429,19.09098099193622],[99.80731230655864,19.09095506154214],[99.80693631584451,19.090614725119867],[99.80668997710077,19.09093885504584],[99.8069622462386,19.091237054577746],[99.8070659678149,19.091885314429703],[99.80711782860305,19.092481713493513],[99.80733823695273,19.093000321375072],[99.80716968939122,19.093402242483286],[99.80689742025339,19.094167189108603],[99.80650846434222,19.09478951856648],[99.80636584717479,19.09500992691615],[99.80584723929321,19.09524005916359],[99.80526380542646,19.095719771454046],[99.80493967550048,19.096043901380032],[99.80477112793896,19.096510648473433],[99.80429141564852,19.097003325960927],[99.8032930954765,19.097327455886905],[99.80228181010744,19.097690481404005],[99.80172430663477,19.09726262990171],[99.80110197717688,19.097431177463214],[99.8002462741723,19.09692553477869],[99.79882010249798,19.098157228497413],[99.79984435306407,19.09897403591088],[99.79841818138976,19.100620615934858],[99.79844411178385,19.10107439783123],[99.79896271966541,19.10150224933352],[99.7996887706996,19.09986863450658],[99.80059633449235,19.098999966304962],[99.80145203749694,19.09844246283227],[99.80265455952232,19.099246305048702],[99.80325095858612,19.09936299182206],[99.8025119423549,19.100568755146707],[99.80277124629568,19.10090585026972],[99.80361398410322,19.099946425688824],[99.80389921843809,19.0999075300977],[99.80397700962033,19.10024462522072],[99.80510498176272,19.099842704112508],[99.8056235896443,19.098740662364175],[99.8061551627229,19.098623975590826],[99.80672563139262,19.098740662364175],[99.80738685644162,19.098559149605624],[99.80782767314096,19.098935140319764],[99.80819069865805,19.09884438394049],[99.80846296779588,19.098714731970098],[99.80966548982126,19.0978039268781],[99.8101547340365,19.09837304850302],[99.81013858675952,19.09835184938464],[99.81035710661675,19.098248746413834],[99.81052540400131,19.098402345496144],[99.81067558131406,19.098463211243935],[99.81087014368909,19.098467925153507],[99.81093526010336,19.09844899179547],[99.8110003761941,19.098387460403018],[99.81104044778604,19.098292795320514],[99.81100538467925,19.097980399495224],[99.81109053701574,19.097767403184722],[99.81120965574812,19.097789030711432],[99.81118498560951,19.097841477314052],[99.81163922150279,19.098148074702884],[99.81174350491195,19.09797270287935],[99.81135097028557,19.09772780703404],[99.81152103078261,19.097445243893205],[99.81144961170773,19.097396848049218],[99.81154318271291,19.097306079694313],[99.81161121360527,19.09727435173766],[99.81172589165331,19.097274828551715],[99.81178782451612,19.097263752171106],[99.81186811833518,19.097204470387908],[99.81195478548763,19.09718100828777],[99.81200841044932,19.09716112926916],[99.81207654179676,19.097150025468878],[99.81209072241064,19.09709201717847],[99.81219456963555,19.097095978914876],[99.81220401492315,19.097048687801006],[99.81221755042368,19.097030558892424],[99.81154762031181,19.096723632701387],[99.81095134630837,19.09659222092961],[99.81061260372928,19.09643510491333],[99.8106103150623,19.09643439836034],[99.81027174441627,19.09628954655623],[99.81082289125895,19.095311465958677],[99.81100024860352,19.0953718947212],[99.8109857244596,19.09550574057635],[99.81111522445008,19.095706990972843],[99.81109861656921,19.095788326395123],[99.81107952044427,19.095881844539015],[99.8112119835296,19.095883260222028],[99.81125247130049,19.095816786502688],[99.81131095892243,19.095720759732803],[99.81153191042551,19.095720831157536],[99.81206672987524,19.095839696743894],[99.81208880639504,19.095858409675806],[99.81209533969789,19.09594004168017],[99.81215752303353,19.09586609080985],[99.81229239352928,19.09591203965849],[99.81238782376406,19.09582252972042],[99.81247980573279,19.09573625387828],[99.81252361707247,19.09568105861792],[99.81328077435805,19.096027834769387],[99.81372649400551,19.09605410663754],[99.81384167137173,19.09606771793428],[99.81381749811929,19.096124166905888],[99.8140102500183,19.09619504631696],[99.81407101557714,19.096277267241987],[99.81410544161267,19.096373950583242],[99.81425667914057,19.09644142645452],[99.81437340277756,19.09648172277345],[99.81442450314407,19.0963737439387],[99.81468556821329,19.096522751566575],[99.8149684013759,19.096684183082044],[99.814975156872,19.096782554744507],[99.81496643852934,19.09678867874331],[99.81543023737481,19.09691636218651],[99.81542266801091,19.096829658941747],[99.81594951420111,19.096890549720413],[99.81619772955837,19.09686825895259],[99.81650670397237,19.096860786722207],[99.81790234409658,19.096714295130074],[99.8178896967991,19.096637552411288],[99.8179552841133,19.096651326161243],[99.81809941172855,19.096674846169908],[99.81827984504909,19.096704290214102],[99.81847407432545,19.096732560343316],[99.81860681707393,19.096751881403225],[99.81864255836715,19.096757084136232],[99.81887236453453,19.096937414418345],[99.81908354024698,19.097208503092038],[99.81912234322955,19.097277399265426],[99.81916260876756,19.097619551813533],[99.8193179445208,19.097831687111405],[99.81941837559617,19.09796884009271],[99.81956434587114,19.098275996908164],[99.81971443590429,19.09840792232266],[99.81985794582512,19.098562374150635],[99.81987001242993,19.09855168586655],[99.81995340213705,19.09850071639712],[99.82031954964924,19.09888182858005],[99.8203796978993,19.09901792503951],[99.82061919510478,19.099071242852926],[99.82085116348485,19.098932726104838],[99.82094979155845,19.098892021806822],[99.82111471756821,19.09882395585931],[99.82127179295996,19.098799345840554],[99.82142954673643,19.09891221484702],[99.82154176406351,19.098948666050543],[99.8217381471145,19.09901245592758],[99.82191452870391,19.099077421978652],[99.8222608860366,19.099183471548645],[99.82231801847749,19.09918058766348],[99.82265063746172,19.09916379844305],[99.82288346112048,19.099198622963165],[99.8230407729872,19.099221830681728],[99.82312030913572,19.099213910506563],[99.82325384051666,19.09904046767357],[99.82331597993623,19.09894095626264],[99.82342252763979,19.098948268827925],[99.82366647637495,19.099085934395895],[99.82410560227052,19.09981996274906],[99.82413428625206,19.09988721314461],[99.82460521893725,19.099690767894653],[99.82464077910569,19.099580970031734],[99.8251325661311,19.09970523997964],[99.82532857258316,19.10002258346825],[99.82552560844086,19.100297585381004],[99.82584804851886,19.100565585121974],[99.82592078245814,19.100626038974553],[99.82617930697354,19.100886133707284],[99.8261406155178,19.10106396077478],[99.82624072215773,19.101299685080697],[99.82690169111848,19.101137876190748],[99.82727734955189,19.101077668366745],[99.82746346045269,19.10136525662154],[99.82753257052596,19.10155722928702],[99.827555144564,19.101693283218623],[99.82776389066517,19.10201043372798],[99.82778093927466,19.102058245119867],[99.82778093970732,19.102198615253545],[99.82768586788536,19.10228845215368],[99.82754478048196,19.102361171263713],[99.82748978237964,19.10238951845002],[99.82732991184902,19.10240840168342],[99.82729963892577,19.10241197710225],[99.82719862570882,19.102445665644165],[99.82721657512296,19.102501071219255],[99.82728775504468,19.10272079040035],[99.82737942136526,19.102950266085614],[99.82733304310143,19.10297306339794],[99.82720184434999,19.10276740584731],[99.82701736443427,19.102858590208317],[99.8268937883997,19.102731468451186],[99.8265596108575,19.102428508860857],[99.82633111077901,19.102393195539292],[99.82624820759746,19.10234249683007],[99.82612312673174,19.102232304239525],[99.8261050036125,19.102188608121843],[99.82617811375819,19.10214371015253],[99.82616709581633,19.102103760862168],[99.82612819577224,19.102017081006153],[99.82600196901399,19.101801396276898],[99.82594785561709,19.101772183469254],[99.82587938404028,19.10178277592538],[99.82562866733598,19.10189132522682],[99.82545479739156,19.101981244639124],[99.82527311957658,19.102076572719362],[99.82487850256825,19.10159330503744],[99.82483874145684,19.101629730422573],[99.82533234148158,19.102257213260394],[99.82502111324673,19.102430791010537],[99.82497373928203,19.10239695992062],[99.82491766948357,19.102366834395447],[99.82482680740777,19.10230142521223],[99.82474664685327,19.10224609361995],[99.8246438461318,19.102189597675327],[99.82453965136352,19.10212045095657],[99.82446049008468,19.101998032892176],[99.82448534790795,19.101909322915336],[99.8246550655355,19.101766805122388],[99.82474333515304,19.101577821207115],[99.82464962264073,19.101474453810827],[99.824390521715,19.101312339064684],[99.82412070740955,19.10113761491678],[99.82405041263301,19.101112490731023],[99.82396332018403,19.10108136280971],[99.82382859817888,19.101031337659684],[99.82378191148524,19.101013826748776],[99.82372060446306,19.10100144400049],[99.82364075807209,19.101009395278115],[99.82355949259284,19.10099963312372],[99.82349817932705,19.100985984632572],[99.82343423458104,19.100978676366037],[99.82339467561533,19.10098169248484],[99.82338064612662,19.100989205390377],[99.82329421163223,19.101035491728528],[99.8232910108902,19.101075670718867],[99.82324995887734,19.10113897787364],[99.8231996348339,19.101193627746902],[99.82315129821198,19.10121319485269],[99.82305124950642,19.101218396369937],[99.82266246295583,19.100718600914558],[99.8228256407844,19.10065916406696],[99.82280683090255,19.10064588440804],[99.82277120626416,19.100562358711528],[99.82276570045418,19.100537197606002],[99.82268956790485,19.100509751189595],[99.82214570977925,19.100381356852875],[99.82107096713172,19.100290320855965],[99.82096442054299,19.100254681836425],[99.82081693771535,19.100205350914823],[99.82066838792613,19.100143588107084],[99.82046636108622,19.099913377859938],[99.82016926197873,19.099767391322157],[99.81997168236681,19.099590263056314],[99.81991095026825,19.099585724007177],[99.81987389052641,19.099575836379994],[99.81986129734858,19.099571112843595],[99.81967573672432,19.099429673313892],[99.8195929911888,19.099387243886756],[99.81953441699844,19.099357208459846],[99.81937303574269,19.099666323674647],[99.81934914852694,19.099727097073867],[99.81953323323255,19.099813574101486],[99.8197153157358,19.09989147664285],[99.81973823481394,19.09991306128536],[99.81986996451081,19.09998478063638],[99.82034328471991,19.100242473603977],[99.82033262367538,19.100299003239446],[99.82072780824858,19.100429945234563],[99.82102868296462,19.1004849734076],[99.8210962109148,19.100497323959814],[99.82164287347614,19.100575932108452],[99.82177353168854,19.10066333828493],[99.8217835409711,19.100660116266706],[99.82179989883447,19.100654851605906],[99.82193186041223,19.10063752558243],[99.82226637170899,19.10063603242378],[99.82234567978236,19.100652415478752],[99.82238977785154,19.100668955725123],[99.82263784082326,19.10098339029706],[99.8227707020162,19.101152628123895],[99.82281488300147,19.101185905040516],[99.82287671044236,19.10122747122421],[99.82292042856461,19.101273348685545],[99.82297649139159,19.101302209181682],[99.82301518341855,19.1013184903272],[99.82306049490994,19.101327147705398],[99.82314588462467,19.10132774403816],[99.82357900109326,19.101166067846485],[99.82371257580044,19.101140049819477],[99.82381833513557,19.101164682040743],[99.82389521256847,19.101237079342354],[99.82395984509613,19.101297945250394],[99.82415736659809,19.1016540557567],[99.82417746535212,19.101690292128346],[99.82423665547259,19.10189465667883],[99.82426702820086,19.101999526183786],[99.82431154033962,19.10209974890544],[99.82435816926038,19.10213983909892],[99.82443160714637,19.10223201512426],[99.82462766495968,19.102388217582583],[99.82468198384566,19.102423360824456],[99.824856188384,19.102536067142754],[99.82486878750353,19.10254421887618],[99.82492936879939,19.102643907666394],[99.82492972271746,19.102715306188305],[99.82491398192786,19.102786776805235],[99.82488501221157,19.10278690657031],[99.82471977502917,19.10278764663594],[99.82453951731304,19.102788453806568],[99.82279469007906,19.102325015979197],[99.8227713192626,19.10230815461463],[99.82267530439,19.10218587308717],[99.82262455862207,19.102132113632592],[99.82258500890634,19.102119042270253],[99.82255729573625,19.102109883401283],[99.82251711187968,19.102096602490388],[99.82228699587485,19.10205360528402],[99.82222607978375,19.102042223342906],[99.82163920436341,19.101932563354396],[99.82157604609324,19.10192084870184],[99.82153806803646,19.101897024378843],[99.8214271097335,19.101832731908587],[99.82129061696565,19.10180878741811],[99.82079668961578,19.1017913468543],[99.82066353263001,19.101752324224144],[99.82067340368141,19.10185888979737],[99.82089163859978,19.102607728277775],[99.8209378574015,19.102767926364333],[99.82147472012471,19.102687530771245],[99.82162857634671,19.10312366133051],[99.82160233856209,19.10315303880837],[99.82162046330212,19.103261640521563],[99.82152605931813,19.103289231885032],[99.82153174662083,19.10332787248268],[99.82155759070838,19.10332984650613],[99.82187368429074,19.103299494635415],[99.82156868147727,19.103345009659495],[99.82165895243403,19.103577589537483],[99.82196714215883,19.103572683473367],[99.82191045340058,19.103295963401077],[99.82191139882865,19.103295872427683],[99.82198865385625,19.103579772651702],[99.82197491648482,19.103586166994095],[99.82198081141719,19.10361081398951],[99.82207635406611,19.103817739791864],[99.82212066154861,19.10395577775258],[99.82217203450732,19.104052312249813],[99.82218715658377,19.104169744540044],[99.82218811277326,19.104363269787502],[99.82226850209862,19.104729691168277],[99.82227472433306,19.10473764020819],[99.82234464053188,19.104752828525534],[99.8225695785147,19.104885432116337],[99.82263810746228,19.104955625657844],[99.82273867386412,19.104973369816985],[99.8228713732239,19.104957994673956],[99.82300774535862,19.10495965939348],[99.82307287918817,19.1049827954464],[99.82322394773833,19.10504725861445],[99.82336074543925,19.10518646685513],[99.82343013992552,19.105230672958204],[99.8234864827735,19.10525543700374],[99.82359282194227,19.105231082489873],[99.82364892841855,19.105208089705727],[99.82369413731318,19.104916792093434],[99.8238209008099,19.104910539553227],[99.82385994318182,19.105065009297604],[99.82391260187175,19.105070459144194],[99.82408726772681,19.10507536298788],[99.82421770987995,19.10508728716734],[99.82430685774342,19.104973178990193],[99.8243820911221,19.104947826182226],[99.82437769711821,19.104785241809168],[99.82438333985284,19.104716991073055],[99.8243876186446,19.104674021670792],[99.82413083910505,19.10473700567966],[99.82382068172579,19.10475213406433],[99.82378870436219,19.104498321911386],[99.82437427948076,19.104309855021587],[99.82475471743042,19.1042055444615],[99.82475439435515,19.10404160298627],[99.8248694223943,19.103839822616766],[99.82494332938631,19.103788322439403],[99.8250552060747,19.10375295356967],[99.82522093798399,19.103699960832824],[99.82522571676569,19.103700777257057],[99.82523468519784,19.10373616206563],[99.82524182357785,19.103758686111615],[99.82524582864893,19.10377132348643],[99.82538306981523,19.104087609677407],[99.82542294947314,19.104179519055513],[99.82547729881705,19.104187879406233],[99.82552525883142,19.104268458291298],[99.82559702256064,19.10438903142512],[99.82565497339235,19.104504572393047],[99.82566929645147,19.104506451091922],[99.82569939103958,19.10450631614962],[99.82572599598785,19.10457057982529],[99.8257931870039,19.104640878836523],[99.82590870390631,19.104721551349538],[99.8259516002486,19.10476018934596],[99.82600765115616,19.10483053914361],[99.82611404323389,19.104943022364978],[99.82616669662806,19.105076927179468],[99.8261543131876,19.10520053441318],[99.8261640438631,19.105290506714994],[99.82613815526442,19.105311802508695],[99.82610493585511,19.105352546838006],[99.82609033652646,19.105403797899356],[99.82612228650105,19.105481315350527],[99.8261095262072,19.105529028372523],[99.82608817438155,19.105716215659736],[99.8260772092904,19.105751565458498],[99.82604581224828,19.105785241120273],[99.8260202389971,19.105870077116958],[99.8259764583126,19.106027359987934],[99.82596390821719,19.10611743224076],[99.82595872306345,19.106195116288607],[99.82594043676539,19.10625167856036],[99.82590539560219,19.106299491511606],[99.82587235210855,19.106375534715045],[99.82587671355297,19.106506126394553],[99.82586046774718,19.10659974500471],[99.82582225647857,19.10675700285738],[99.8258466917481,19.10681690419547],[99.825921292553,19.106883640087084],[99.82598664557175,19.10695747791422],[99.82606147528348,19.107070102684897],[99.82614951151248,19.107225029244294],[99.82624486124833,19.107356977499915],[99.82631592460874,19.10745902968643],[99.82642032083712,19.107543282382178],[99.82649325945884,19.107648855863232],[99.82651781691114,19.107733465968238],[99.82656658305052,19.107832088348424],[99.82661911504243,19.107941283169975],[99.82668668401082,19.10808747594292],[99.82673218448411,19.108276128853216],[99.82678645053007,19.108360605503886],[99.82688965768807,19.10857900421333],[99.82693661939896,19.108688223938586],[99.82699086814304,19.108769170807424],[99.8270322514079,19.108876651569716],[99.82708326967537,19.109054688400477],[99.82713746596212,19.109125045186296],[99.82717502117096,19.10920959767958],[99.82719583186812,19.109287164920378],[99.82718877309713,19.10936132759198],[99.82716694922703,19.109453206442883],[99.82717337032604,19.109624384022812],[99.82719607279508,19.109709002332973],[99.82723903219662,19.10975999483167],[99.82736731363286,19.10979295314776],[99.8274844027786,19.109815372318984],[99.82751624801914,19.109871710287983],[99.82757425457207,19.109961464528308],[99.82764492474666,19.109984092253185],[99.82776100057353,19.110175957304303],[99.82782537650661,19.110426299848964],[99.8279029002428,19.110808018518647],[99.8278836179542,19.110830024972614],[99.82787776544566,19.11084412615671],[99.82787786350892,19.11086382962248],[99.82788481022149,19.110885252723044],[99.82790793766367,19.110956583959833],[99.82792842047445,19.1109822901865],[99.82793475635879,19.110990241213024],[99.82801505743889,19.11106025165398],[99.82802406644197,19.11108554498341],[99.82802718185228,19.111116493863427],[99.82802737525532,19.111155345943267],[99.82802948893067,19.11116515133773],[99.82803061765723,19.111391894797435],[99.82803261248874,19.111420031032843],[99.82800001325528,19.1115198014892],[99.82795532511408,19.11160084235703],[99.82793678434524,19.111709765331135],[99.82793845473196,19.112045345926745],[99.82790173327739,19.11233574875711],[99.82787505009442,19.112725876641043],[99.82788517877692,19.112843740925435],[99.82791398381498,19.112879890625592],[99.82796209727734,19.112961303895613],[99.82831639653618,19.113213668289127],[99.8283452920784,19.11326795803647],[99.82827999270835,19.11356756066177],[99.82828048956341,19.113667327716232],[99.82829993366714,19.11373979962011],[99.82832873895597,19.113775949242616],[99.82840534199026,19.11383002427646],[99.8284343732101,19.113911523278066],[99.82843468945777,19.11397501189181],[99.82840642622504,19.114047698492556],[99.82832055225285,19.114048084958963],[99.82826348361442,19.114084621919023],[99.82821618265153,19.1141664635191],[99.82820691177244,19.114220925008876],[99.82821128150248,19.114264330917056],[99.82821695048736,19.114320649123247],[99.82825538809358,19.11437489593673],[99.82830336666598,19.11442909980561],[99.8284198082476,19.11481858351344],[99.82843369719866,19.11489554458294],[99.82843914486119,19.11492573378829],[99.82848849649685,19.115199211809475],[99.82848912907615,19.115326188113396],[99.82852637211903,19.115356226960156],[99.82853787711306,19.115365505692175],[99.82870369589652,19.115478999098663],[99.82883946872428,19.115592628558442],[99.82889027582495,19.115640466623745],[99.82900550149225,19.115748960682396],[99.82909828848551,19.11588178618118],[99.82915708057955,19.11601959857688],[99.82924792858529,19.11616199006738],[99.8293236125866,19.116275888955922],[99.82933256741515,19.116282210528432],[99.82944422134979,19.116361025374577],[99.82956461652549,19.116403322709818],[99.82980498045947,19.116402239139678],[99.82990320813842,19.116444147302307],[99.82997058731318,19.11647289322959],[99.83004605716162,19.116543952804328],[99.83007700887156,19.116578919453715],[99.83008876599037,19.116592201160437],[99.83012159835967,19.11662929200913],[99.83013968140985,19.116668078718607],[99.83025874623388,19.11668414950075],[99.83034193347581,19.116667307310898],[99.83039949831782,19.116736341028744],[99.8305281148407,19.116890582190596],[99.83057813547276,19.116950568789722],[99.83093332008775,19.117109913064816],[99.83136158959053,19.117239483635984],[99.83150011384963,19.117274723150913],[99.83163824352181,19.117393011797876],[99.83167414213256,19.117426811743428],[99.83167453848263,19.117506055616687],[99.83167535949649,19.117670202992183],[99.83167578416057,19.117755106494332],[99.8316642712168,19.117834403280543],[99.83166472419155,19.117924967315997],[99.83166520548144,19.118021191885088],[99.83167155602345,19.1181004088455],[99.83168369278404,19.118145636585012],[99.83171961988725,19.11818509704682],[99.83177341147062,19.118224476758698],[99.83213180643261,19.118443610613255],[99.83222152548926,19.1185224505518],[99.83229973195003,19.118680587252225],[99.83238904682625,19.118823927390917],[99.83249380405202,19.118945746933267],[99.83253330358828,19.118945568240502],[99.83256330424783,19.11899071599393],[99.83256355933699,19.119041658076476],[99.832563814427,19.119092600158762],[99.83256415454825,19.119160522934674],[99.83270877289968,19.119499491049936],[99.83275065477665,19.119538924340798],[99.83275085323154,19.119578546257557],[99.83273936906531,19.11966350361285],[99.83273956751891,19.11970312552917],[99.83263303179227,19.119833796466118],[99.8326275017999,19.119918726873394],[99.83263972306278,19.119980935222546],[99.83267573679674,19.120037376153824],[99.83271767550593,19.120088129604913],[99.83274169382679,19.120127643726832],[99.83275434043041,19.120274756424052],[99.8327585035753,19.120386534711876],[99.83273674696909,19.120491650881082],[99.83268637316593,19.12062955016853],[99.83266447947254,19.120707309805166],[99.83267970554158,19.12078137078611],[99.83269223983149,19.12087397754537],[99.83269432640881,19.12091985794238],[99.83272360762992,19.12101944846966],[99.8327620443657,19.121093405302044],[99.83278649325977,19.121155070302077],[99.83279143965166,19.121215940668414],[99.8328074576327,19.121262640905396],[99.83283928046404,19.121313682281162],[99.8328776298466,19.12136998877715],[99.83288259838861,19.121435271713366],[99.83287741724718,19.121512955720032],[99.83290280740707,19.12157726332],[99.83297177682941,19.121629902310662],[99.83306693714147,19.1217212520682],[99.83311086134354,19.121778415260138],[99.83318902269214,19.121812479852178],[99.83326712118814,19.121834188662895],[99.83335255472115,19.12183733152752],[99.83340269055951,19.1218371044525],[99.8334074213719,19.121854732819898],[99.83341061841266,19.12193679155685],[99.83343269147124,19.121973550016918],[99.83346740283822,19.1219665392707],[99.8335006943316,19.121939913323526],[99.83349949115521,19.121885203597724],[99.83348885383562,19.12180053168457],[99.83347744696371,19.12174763306699],[99.83344018098339,19.121722208716122],[99.8333910492365,19.121737434165702],[99.8333447649964,19.121765000930225],[99.83330302480665,19.121773133323696],[99.8332556214927,19.12176275775782],[99.83320542912267,19.12175151191265],[99.8331560983142,19.121727025031326],[99.83313459399709,19.121697117476486],[99.83310840313483,19.121658405788118],[99.83303756366077,19.12160312933855],[99.83298168079396,19.12156808183114],[99.83295180651155,19.12153556435736],[99.83294228847133,19.121488834712984],[99.8329476420251,19.1214455675266],[99.83294161638933,19.1213546971268],[99.83291717624834,19.121294797001365],[99.83287882339867,19.121237607632192],[99.83286012150786,19.121211217133993],[99.83286705199095,19.121161617945763],[99.83284731023949,19.121040004934407],[99.83279665298903,19.12093609850015],[99.83278529515613,19.120771653705255],[99.83276536009915,19.12064331274044],[99.83281864760943,19.120530993404582],[99.8328591182706,19.12045491456063],[99.83287067906028,19.120353374306475],[99.83287507819284,19.120304815864934],[99.83287349563082,19.120285537564996],[99.83289110510266,19.12023451463459],[99.83289073646952,19.12016093134082],[99.83289063555189,19.120140786991712],[99.83298723725696,19.120111088467986],[99.83291038917385,19.11988524578845],[99.83278992978485,19.119922278018898],[99.83278993006365,19.11992227883825],[99.83278992978939,19.119922278922573],[99.8328251651279,19.120025830447695],[99.83282455251805,19.120025382283277],[99.83278266954615,19.11998594902089],[99.83275867959054,19.119952095435064],[99.83275839607569,19.119895492828302],[99.83278193238789,19.119838782424708],[99.83281746317756,19.11979899881144],[99.8328469820525,19.119747921984583],[99.83284672686632,19.119696979909623],[99.83284641497472,19.119634717674405],[99.8328460180186,19.11955547384312],[99.83284570612521,19.11949321070325],[99.83283952506876,19.119447956106505],[99.83276049555168,19.119125672380452],[99.83276200812,19.11911370892643],[99.83273604217001,19.119054311775358],[99.83265770337819,19.118814816537085],[99.83258283967683,19.118694740598265],[99.83252590299725,19.1186569224675],[99.83247208276416,19.118611883360142],[99.83223244419538,19.118324287959393],[99.83217862319445,19.11827924785815],[99.83211884899073,19.118234235561943],[99.83199359854133,19.118195179029385],[99.83188624187373,19.11816170218624],[99.83182051170415,19.118116716711416],[99.8317786587279,19.118082943715205],[99.83175461263077,19.11803776890468],[99.83174823279148,19.117952892321526],[99.83184059347545,19.11736945555],[99.83186407315222,19.117301425084428],[99.83190561539448,19.117272935800397],[99.83192929231015,19.11724452636308],[99.83192308329106,19.11719361117735],[99.83189915056639,19.1171710776132],[99.83183954578848,19.117160026608758],[99.83177404349435,19.11716032266094],[99.83167876665013,19.117160753244214],[99.8316013541529,19.117161103057082],[99.83156556884262,19.117149944330794],[99.83155981620632,19.117137796825258],[99.83143942581918,19.117154648597968],[99.83121396157438,19.117055741513557],[99.83093213118119,19.116918794212864],[99.83088071187971,19.11687021036189],[99.83084501149533,19.116882306460788],[99.83078704417785,19.11690306997553],[99.830729522051,19.116848909897172],[99.83062352158092,19.11664077965462],[99.83057519528141,19.11659527776649],[99.83055641228785,19.116577592527058],[99.83049898094757,19.11654157247332],[99.83044768347925,19.116532946053525],[99.83020742439037,19.116606855933686],[99.83012267657647,19.11642001785085],[99.83004483440101,19.116375362851016],[99.8300353910615,19.11637136326968],[99.82995205874404,19.11633606712257],[99.82992548458304,19.11634462011877],[99.82983002315385,19.11633598120669],[99.82976300479393,19.11629093388126],[99.8296863096674,19.116218719376192],[99.82961960908388,19.116237160569373],[99.82954341173287,19.11626471389888],[99.8294479946468,19.11626514394221],[99.82938079642157,19.11618381714867],[99.82937071161618,19.116075023092414],[99.82937039497826,19.116011535411882],[99.82935090487116,19.11592999361032],[99.82928384157124,19.11587587604106],[99.82922632028374,19.11582171545496],[99.82890941233332,19.115414995702427],[99.8288328083922,19.115360920921304],[99.82876614823577,19.11527582851625],[99.82872683009565,19.11513443555014],[99.82873931927095,19.11492493732669],[99.82867520115792,19.114736174711677],[99.82857896166013,19.114565639357686],[99.82856840941143,19.114511918646535],[99.82846007541622,19.11443088326971],[99.82846812740098,19.114339582306904],[99.82853136731828,19.114153683941296],[99.82854059834716,19.114126549078605],[99.82854865093648,19.113936339133495],[99.82851644096448,19.113799389126022],[99.8284789315206,19.113780304998095],[99.8284117614726,19.113746130011762],[99.82836344730275,19.113700480125786],[99.82837149998703,19.113571137726538],[99.8284600754374,19.113411361075293],[99.82849228441266,19.11325919316876],[99.82847489810813,19.113180339249634],[99.82841893725892,19.11312237947961],[99.82832691951977,19.1130609247459],[99.82824736876643,19.113007797333886],[99.82821233396034,19.11296881646704],[99.82818635421232,19.112939908871102],[99.82811141886557,19.112845866268934],[99.8280738231428,19.112791450242057],[99.8280585958521,19.112640175350865],[99.82808307551568,19.112490194838553],[99.82811690784906,19.112282912185357],[99.82811541485138,19.111983038039096],[99.82817443753989,19.11176857253418],[99.82821464254818,19.111691225258106],[99.8282315900388,19.11161939025429],[99.82824297276932,19.111571142012615],[99.82826258117377,19.11136833419774],[99.82826104518143,19.1113466292208],[99.82824642129462,19.111139926921105],[99.82810994076851,19.110883500020805],[99.82800381732459,19.110774668770002],[99.82796404072207,19.11067983804408],[99.82792614121242,19.110526452849292],[99.82790287842,19.110452937112626],[99.82786200224275,19.110323764111904],[99.82782206185742,19.110133322591597],[99.82777108633886,19.109964110297724],[99.82767948314074,19.109839205688797],[99.8275675871866,19.10974086836212],[99.82745974696428,19.10971134719446],[99.8273447349073,19.10973304462349],[99.82727600048072,19.10972629302506],[99.82724786857243,19.10966993922801],[99.82723809307743,19.109571142786656],[99.82727760717778,19.10930268242406],[99.82724741687831,19.109205742606225],[99.82718726360932,19.109057750971857],[99.82711583045068,19.10888157078423],[99.8269956843489,19.10861735836191],[99.82693223067774,19.10855233778473],[99.8268739442674,19.108406103433207],[99.82682303170722,19.108249245675072],[99.82676297662552,19.108120669063876],[99.82675869332844,19.108005962051553],[99.82674340988358,19.107919544545275],[99.82671356221951,19.107891438456985],[99.82663864398648,19.1077611636367],[99.82658821416227,19.107701380031415],[99.82654704290178,19.107636259260694],[99.82653563938003,19.107583360012384],[99.82648147017126,19.107518297573947],[99.82637889449948,19.107426977164778],[99.82630977535607,19.107342566124753],[99.82620888212915,19.107215938366423],[99.8261656169746,19.107103171129577],[99.82610763850847,19.10701871001355],[99.82603288860464,19.106921969857645],[99.82594887151997,19.106828801027927],[99.82594288998907,19.106745872392757],[99.82595357479197,19.106654043618214],[99.82597895541879,19.106530378104427],[99.82601179735558,19.106413739596924],[99.8260150723943,19.10632547475114],[99.8260371603904,19.10628654526791],[99.82605909064664,19.106215845675308],[99.82606602622428,19.106116974133787],[99.82605443020374,19.10602524530827],[99.82608003851074,19.105947469633197],[99.8261314653723,19.105834277513235],[99.82618667541156,19.10573518937001],[99.82620468112815,19.105622147185553],[99.82618926678498,19.105509254953642],[99.82620748376684,19.105438572907666],[99.82628521872904,19.105388803430397],[99.82628852963155,19.105307597993622],[99.8262396067057,19.105177206273584],[99.8262385900847,19.10497246858015],[99.82610417241557,19.10482481055881],[99.82602969353219,19.10471064339109],[99.82599162859565,19.10471743068753],[99.82594234920516,19.104674666446215],[99.82583940837915,19.104590326587505],[99.8257363106416,19.104474344997122],[99.8257026795574,19.10440488258046],[99.82566902338203,19.104330357488802],[99.82563144832005,19.104271038300155],[99.82561678521806,19.104241908537407],[99.82566026673187,19.10422929550583],[99.82592014910374,19.104217539799894],[99.82593567632782,19.10422089692726],[99.8259104628286,19.104258476757508],[99.82643801732945,19.10437743033928],[99.82641649984103,19.104475848631633],[99.82640777533642,19.104515751094635],[99.82647645892804,19.10455883503241],[99.82644365296466,19.104611575774907],[99.8266270486529,19.104714663589867],[99.82665450753126,19.104670520297724],[99.82703311723067,19.104908011572174],[99.82720544495854,19.105024994668415],[99.82735660616117,19.10511414569566],[99.82728153715571,19.105172474593218],[99.8273269654516,19.10520535802064],[99.82731365418803,19.10521635072168],[99.82731365426359,19.105216350785895],[99.82731365324192,19.10521635162962],[99.8274329275242,19.10531772772979],[99.82743704366627,19.10531674500292],[99.82750116526634,19.10530143491917],[99.8275647194218,19.105400064709062],[99.82756472024774,19.10540006451132],[99.82756472037242,19.10540006470479],[99.82773059038004,19.10536035231557],[99.82768188496783,19.105288632607262],[99.82740367522455,19.10514200954806],[99.82736636097289,19.105172824417036],[99.82762938269347,19.104335598818473],[99.82766687187133,19.10428761008576],[99.82771556310038,19.104291022269845],[99.82816428275056,19.104592994822816],[99.82856468947368,19.10484947083075],[99.8289337611768,19.105090087510106],[99.82926649527742,19.105276011727486],[99.82933158362563,19.10531000316986],[99.8293720314498,19.105326123344867],[99.82942075539279,19.105351885844144],[99.82945755329605,19.105368902559228],[99.82955212871329,19.10541872038088],[99.82992337371468,19.105612469592273],[99.8301185826004,19.105703015181714],[99.83031125046907,19.105766144355343],[99.83064604944475,19.105883487516014],[99.83070339644297,19.1058157721976],[99.83079569291887,19.105737034473588],[99.83080329230911,19.105730551502898],[99.8308150342335,19.105073616690095],[99.83080762511372,19.10498739898468],[99.83080929926513,19.104765029344208],[99.83081773694025,19.10464732720629],[99.83077459004737,19.104639450175192],[99.83071663563918,19.104630349475904],[99.83015434732638,19.104574305803293],[99.8301135024734,19.104564218697163],[99.83008699772455,19.104552909985546],[99.83006762618953,19.104525569644622],[99.83004918320674,19.104443369787013],[99.82983276995037,19.104439773893883],[99.82980498898549,19.104413614239082],[99.82981437838352,19.104367859150862],[99.82984675145259,19.104350570972723],[99.83003656867496,19.10432457343452],[99.83006953624452,19.1042444117507],[99.8301010248674,19.104231414910874],[99.83011145846267,19.104227108817614],[99.83029235927793,19.10423660788221],[99.83041159911687,19.104242869514692],[99.83044752102761,19.104225593564912],[99.83045940863249,19.104202720143892],[99.83046348393648,19.104150133604044],[99.8304846488965,19.103876993856268],[99.83049438737069,19.103751316266194],[99.83050265307307,19.10364463983664],[99.83053227553799,19.103641944296555],[99.83058875772144,19.103601275925755],[99.83020351044405,19.10355336838935],[99.83011509259191,19.103542372437584],[99.83009859810053,19.10332090337544],[99.83008530709894,19.102715563135092],[99.8299416984719,19.102736439348586],[99.82996585469522,19.102378821525647],[99.8295447979985,19.102419112552315],[99.82953990034059,19.10240899618705],[99.82951934137739,19.10239205887485],[99.82945856074639,19.10239403879659],[99.82902373583063,19.102394039363105],[99.82876607787877,19.102298240126732],[99.82868809142175,19.102298591067772],[99.82870297390755,19.10188823176678],[99.82944806404888,19.1020123935882],[99.82947040354978,19.102131388540315],[99.82950277430807,19.102107771362796],[99.82964943756092,19.101913515459188],[99.829849670738,19.101760624565944],[99.82992710956553,19.10171684999624],[99.83013777803257,19.101824463637527],[99.83045604395814,19.1021369096604],[99.83054523798961,19.102180720142712],[99.83082252446421,19.102303801785368],[99.83112992036675,19.102412401137652],[99.83136689313552,19.102521316990472],[99.83162386719955,19.102606232554415],[99.83188060343385,19.10264332952518],[99.83217218514916,19.10260708841702],[99.83270363643872,19.10258426108569],[99.83320189536505,19.102752412226526],[99.8333904969122,19.102786840405436],[99.83367434307691,19.10291148928109],[99.83399036196222,19.10307507357207],[99.8341920724849,19.10321746325636],[99.8343029013708,19.10345579999414],[99.83438205977922,19.103755075399516],[99.83447009350259,19.10400219967682],[99.83457592103635,19.104153708645093],[99.83464537300887,19.10419969946129],[99.83478712478592,19.10423494575706],[99.83485360067844,19.104220165587304],[99.83542531404468,19.104204947385874],[99.83555415081707,19.104258209653484],[99.83558243499449,19.10426786096246],[99.8358440337827,19.104357124198206],[99.83612426421226,19.104568961050692],[99.83612706111492,19.10455158228948],[99.83614945552169,19.104533669025894],[99.83627161545463,19.104536983850654],[99.83629529631705,19.10452044736128],[99.83650828212537,19.10451947994734],[99.836640793778,19.104518877934947],[99.83683009100122,19.104533659608748],[99.83697545736608,19.10454500977516],[99.83703834711014,19.10454643187246],[99.83734915712819,19.10458005453895],[99.83741183911295,19.1045872266777],[99.83767661912081,19.10522202736581],[99.83776970240656,19.1057289055696],[99.8379990690595,19.1057258258535],[99.83806757863938,19.105744642280726],[99.83812815494919,19.10578644740527],[99.83814063248977,19.1058667279166],[99.83814103716445,19.10594706428437],[99.83816139020131,19.105992878670108],[99.83826509304598,19.106037990097274],[99.8384805054269,19.106228612391373],[99.83871449307753,19.10634231427507],[99.83939575988695,19.10656874578192],[99.83954943674529,19.106717242931673],[99.83965412708635,19.10672824229974],[99.83966435767886,19.106727655244462],[99.83966893733265,19.106906018474138],[99.83970131351332,19.106989406433858],[99.83980588150425,19.10713068690881],[99.83995281307938,19.107223677802242],[99.84011276527657,19.107258387378966],[99.84021928079576,19.10725790133266],[99.84037352371921,19.10721669528253],[99.84048499414101,19.10714277639956],[99.84059903782286,19.10705112603227],[99.84069442840783,19.106957029386287],[99.84073423094718,19.1069290024476],[99.8408167419211,19.106921031525278],[99.84087290551703,19.106968871288124],[99.84091053131087,19.10703704675017],[99.8409296320894,19.107128089245688],[99.8409195562831,19.10724204742912],[99.84085877043442,19.107333454774594],[99.84082461342226,19.107424740495745],[99.8408090838235,19.107513409764753],[99.84082953081356,19.107588729621643],[99.8406985431782,19.107656601408067],[99.84069151723689,19.107659676183506],[99.84083516732747,19.107798481693074],[99.84085048818662,19.10784384067398],[99.84084816615932,19.107882106808567],[99.84101785077114,19.107985824562828],[99.84116168646416,19.108078734285936],[99.84119685375428,19.108101450332764],[99.84135438701347,19.108206197491967],[99.84145488350377,19.10844618596336],[99.84161112575201,19.108819390539956],[99.84168286004831,19.108894082705607],[99.8416752683221,19.108972590210737],[99.84160371539072,19.1090412645912],[99.84156039450738,19.109166428026796],[99.8417126840754,19.109376762976588],[99.84172012375309,19.109398330546906],[99.84118604947456,19.110019838113516],[99.84112503413724,19.110230088031376],[99.84118664218197,19.110262255905095],[99.8423103874876,19.11088188631078],[99.84246785034549,19.110909772675807],[99.84250984177076,19.110937428318582],[99.84266048494742,19.110990342430853],[99.84267754466396,19.110996334361317],[99.84269846938882,19.110996238576153],[99.84273184855753,19.110976194865085],[99.84277862683665,19.110907814295558],[99.84283519173303,19.11083277035313],[99.84285244805785,19.11082446966215],[99.84288174321142,19.110824335532968],[99.8430327061491,19.11088331789757],[99.84303699170773,19.11090318918038],[99.84303709251485,19.110923079627074],[99.84300791481404,19.11097884471027],[99.84287605130906,19.111286941118017],[99.84290931737519,19.11131042004108],[99.8429814811385,19.111321513021267],[99.84307482775449,19.111380052485966],[99.84308998878915,19.11138956025488],[99.84316244308602,19.111457772558957],[99.84322282139372,19.11151461582199],[99.84342781908263,19.111650764981373],[99.84357255442407,19.11175291709118],[99.84370716843038,19.11183226862821],[99.84375283019789,19.111832059340347],[99.84388370890356,19.111760333452253],[99.8439847228424,19.11176033303479],[99.8440032768528,19.111842146686893],[99.84408742166792,19.11221317879568],[99.84427740820117,19.11222710528266],[99.84439911245282,19.112417826275443],[99.84497128587967,19.11215697329043],[99.84502421415881,19.112132100844715],[99.84507021922578,19.11218138145988],[99.845193796019,19.11239344984439],[99.84533835526416,19.112542137330276],[99.84546423536786,19.11268331635352],[99.84555024307221,19.1128209939966],[99.84500073829662,19.11300324902825],[99.84454417818509,19.112673731770496],[99.84441344071993,19.11284994367192],[99.84412432291437,19.11295717017948],[99.84401294799332,19.112653914281125],[99.8433994125325,19.11269498189621],[99.8433312510108,19.11241174104576],[99.8431924045681,19.11237726732029],[99.84317067120153,19.11196245384996],[99.84304588952885,19.111855779298565],[99.84300748208005,19.11188538444182],[99.84282009429674,19.112029827351737],[99.8426986799068,19.112254682988137],[99.84258333073842,19.112226042921776],[99.84250892845544,19.11218487110405],[99.842467976931,19.11216870101164],[99.84244668811664,19.11219335965755],[99.84242293598301,19.11225118054431],[99.84241349763502,19.11228665102016],[99.84241449606324,19.112483782131886],[99.8424182193428,19.112625474217047],[99.84242120260525,19.112739742114606],[99.8424217139615,19.11285846871174],[99.84243957607615,19.1130003677517],[99.84247860334082,19.11315375001432],[99.84252265349761,19.113305542845676],[99.84253688727031,19.11338604618011],[99.84254437563801,19.113440295634554],[99.8425461606519,19.11349599971372],[99.84253990152563,19.113565740101556],[99.84252009750304,19.113690969032504],[99.84247570809927,19.113872543910816],[99.84245387715706,19.11396869055497],[99.8427118316605,19.11398236633138],[99.84256861826589,19.114309867129005],[99.84272816072398,19.114357706380996],[99.84277992640521,19.114371183146837],[99.84283745159586,19.114216353984673],[99.8427061921841,19.11417438511586],[99.84276174754378,19.113986709053744],[99.84316881678546,19.114007129686797],[99.84317067157978,19.114230681016746],[99.84337864034646,19.114247524388066],[99.84339052502919,19.114342969023486],[99.84345588660798,19.114371041454145],[99.84347574874626,19.114491991239866],[99.84352563581267,19.114490619805842],[99.84358570421865,19.11448177339796],[99.843580559061,19.11441551370794],[99.8436742842748,19.114405370199883],[99.84376679854135,19.11439351797317],[99.84376995198164,19.114422645299307],[99.84386783862406,19.114403340096484],[99.84396945083815,19.114407445465847],[99.84400073509539,19.11441244468388],[99.84417115376537,19.114811279635273],[99.84431793606949,19.11475107524547],[99.84440600431913,19.114947814457274],[99.84443564205436,19.11497943378965],[99.84444410725085,19.114988465185125],[99.84453138196811,19.115092556790945],[99.84455464241869,19.11517473271918],[99.84460195355479,19.11525794109376],[99.84467678283497,19.11531473842988],[99.84474668709149,19.11534870204507],[99.8448135658708,19.11538227327288],[99.84483335031855,19.11535785269445],[99.84537062233908,19.114988491867145],[99.84555340574632,19.11534232566741],[99.8457635244394,19.115237440729647],[99.8460162754171,19.115578373274655],[99.84613290885142,19.11570695030286],[99.84613317282717,19.11575883112672],[99.84614740556613,19.115837649668993],[99.84618923323356,19.115903193709745],[99.84619654984967,19.115982044947117],[99.84623186377,19.116126502894517],[99.84623929818343,19.11615432823975],[99.84628989981336,19.116194723552983],[99.84637196393057,19.116255486742062],[99.84620429671325,19.1165016770598],[99.84610252109802,19.11658385619254],[99.84608879986344,19.116604489927763],[99.84608539371082,19.116643932675572],[99.84609461121028,19.11668331738929],[99.84612429166903,19.116731775777346],[99.84617988412013,19.116784108894304],[99.84622151134442,19.11681021275536],[99.84626300476253,19.116810021964493],[99.84629480504313,19.116771769393058],[99.84644085962088,19.116895969011484],[99.84679600741126,19.116479813388217],[99.84689828806516,19.116551995610887],[99.84703532385008,19.1163741446489],[99.84715022459281,19.116508467848828],[99.84696425923369,19.116728588109943],[99.84685033064409,19.11687726270494],[99.84695786382947,19.116981335343336],[99.84707632883786,19.116877299563146],[99.847282762242,19.11703669485546],[99.84731393006753,19.11706215164666],[99.84746311397235,19.11686158535724],[99.84751326522857,19.11691192392773],[99.84754980960804,19.11694632575355],[99.84725495117537,19.117300527182415],[99.8471826920738,19.11739457056174],[99.84724501953227,19.117415997099744],[99.84729013913193,19.11742264626114],[99.84732683419574,19.117427619978425],[99.84734368909739,19.117432113630812],[99.84736075503483,19.117440251892777],[99.84743681239341,19.117465226383747],[99.84759416937307,19.11751152856333],[99.84775726762764,19.117548490178752],[99.84781503429961,19.11755965220507],[99.84787130719447,19.11756516463283],[99.84791984298636,19.11757131173748],[99.84795670623654,19.1177271359493],[99.84802249149253,19.118013964734864],[99.84798766087155,19.118020982113112],[99.84780447181559,19.11805239639008],[99.84781969797996,19.118147447457815],[99.84786933295973,19.118393798829192],[99.84784708815269,19.11839332990878],[99.84781161552249,19.1183923505193],[99.84772744243949,19.118389881247325],[99.84755426974212,19.11838153637563],[99.84742312680557,19.118363283888975],[99.84733473707435,19.118359119633023],[99.84728974374009,19.11825933059491],[99.8472522086115,19.118207505382433],[99.8472034399207,19.118146724094096],[99.84714798159683,19.11812068414454],[99.84708962359879,19.118153398771238],[99.84701888801237,19.11819258002011],[99.84697218311109,19.118228793612136],[99.84658419924696,19.118416857500424],[99.84647689411008,19.118239643545618],[99.84639628912429,19.118111447718707],[99.84637807775897,19.118076675650748],[99.84632055865119,19.1180619258346],[99.84627885037192,19.118069132282535],[99.84620640718444,19.11812717750755],[99.84615552327132,19.11816912418353],[99.84611358652658,19.118197315942368],[99.8460855913715,19.118130018627834],[99.84605460802796,19.118066163487537],[99.84599172405842,19.1179944552919],[99.84543820234457,19.118434411095915],[99.84506871732998,19.1184792411728],[99.84508392321247,19.1187491694166],[99.84452923954856,19.118761408261165],[99.84440400408646,19.118633978573584],[99.84439624998686,19.118423358357113],[99.84454481081045,19.11838958932527],[99.84440765059324,19.11811665469888],[99.84439347055138,19.118047008084137],[99.84438957492283,19.118019741264675],[99.8442184207225,19.11805366810663],[99.84391358922753,19.11812814162098],[99.84386934326623,19.118137909058856],[99.8438442098389,19.118142952526128],[99.84384015891773,19.118126091996707],[99.84381825811866,19.11799298254783],[99.84380998892078,19.11794440256086],[99.84390133009734,19.11792894873198],[99.84386049034637,19.11767183973361],[99.84320640898989,19.117780303643073],[99.84306538487013,19.117571829098452],[99.84338545097238,19.117504079348556],[99.84362057728174,19.117460431835962],[99.84363476563898,19.117531792711095],[99.84383039547342,19.11750014804806],[99.84382053303905,19.117416088178413],[99.84428086489075,19.117296206033526],[99.84435681829824,19.11728863446835],[99.84438699349413,19.11724515645845],[99.84438640663167,19.11712958757884],[99.84438574642218,19.11699957371712],[99.84442850587486,19.116932288362065],[99.8444563472614,19.11679656621448],[99.84445412148214,19.116703300432793],[99.84443717835103,19.116652623915122],[99.84437994529479,19.116559235481986],[99.84433243774261,19.11656634670491],[99.84271259456915,19.1169913342348],[99.84268224641359,19.117020460533297],[99.84266165446921,19.117040223410154],[99.842653745042,19.117047814388226],[99.84265398919517,19.11709599386451],[99.84267957667457,19.117144057300084],[99.84277794687559,19.11729406502393],[99.84223704978555,19.11728502379748],[99.84211332670944,19.117282955738936],[99.84212036818141,19.117691917291136],[99.8422755028776,19.11769058561653],[99.84283405348245,19.117644372573775],[99.84299842225477,19.11798581431835],[99.84304854550642,19.11818361436264],[99.84308838176445,19.11823958561716],[99.84291718909215,19.1182741168277],[99.84295284150754,19.118479598481883],[99.84302058071655,19.118486335983235],[99.84304243744816,19.11870662072482],[99.84278040803228,19.118703598928533],[99.84278210556734,19.11903849392539],[99.84292514187341,19.119026690104473],[99.84319303576292,19.11900458149219],[99.84324076021765,19.119021343856094],[99.84328860046732,19.119060747367243],[99.84331276367818,19.11912856080518],[99.84337121462046,19.11932196681475],[99.84337938726803,19.11934900992243],[99.84345239598652,19.11965433494066],[99.84346605961477,19.119673613763737],[99.84371237700114,19.119892262116977],[99.84371191561712,19.11993566975988],[99.8434790623302,19.119994192273847],[99.84354795939755,19.120196965745127],[99.84404323991726,19.12013506536361],[99.84418468508407,19.120249183790705],[99.84431611678522,19.120372911683827],[99.84438715574528,19.1204921352463],[99.84444692751244,19.120714815778697],[99.84446407511336,19.12077870130294],[99.84449745823176,19.120959350030994],[99.84451829181938,19.121036965767434],[99.84477732266366,19.121615183391356],[99.84428374202132,19.121727730363524],[99.84436567399946,19.12199877271452],[99.84449822450925,19.122293581784756],[99.84452704472476,19.12228659262226],[99.84456492917877,19.12242179024674],[99.8445948953372,19.122625696885393],[99.84485455644212,19.12261764789024],[99.8450869307409,19.122611467686916],[99.84511579883562,19.12290411709675],[99.84526839087826,19.122900307797117],[99.84527947306007,19.12295168349661],[99.84533017880074,19.12299259183048],[99.84541446175199,19.12301620366634],[99.84554558206318,19.123029314902183],[99.84509712902941,19.1239781962982],[99.84482127254188,19.124585154367466],[99.84456808444357,19.124585782112014],[99.84384400291277,19.1245666012292],[99.84381693498543,19.124924643667274],[99.84415529008834,19.12493743104379],[99.8446240392244,19.12495112822086],[99.84433106418837,19.125599937538606],[99.84418111614839,19.125904614056996],[99.84372902663608,19.126850652006844],[99.84348741076975,19.127370567477584],[99.84326387546051,19.127829491897412],[99.843104882157,19.127767379249853],[99.84298488342166,19.127737552699113],[99.84287681141326,19.12769628023329],[99.84273666537307,19.127632372268703],[99.84255664826607,19.12758383506768],[99.84244448539785,19.12752359576335],[99.84228834115386,19.127455963647428],[99.84203643693867,19.12741155212815],[99.84178850842449,19.127363325002815],[99.84158869084295,19.12734905101172],[99.84146477473239,19.127334429624536],[99.84132887420212,19.127319862964512],[99.84121273633778,19.127263438129702],[99.8411326671481,19.127229630683967],[99.84105280936474,19.12723758993937],[99.84096104399389,19.127260791852503],[99.84081707708746,19.12723107342936],[99.84066504377888,19.12718620349729],[99.84054523788085,19.127194345086473],[99.84043342158937,19.127202450096597],[99.84029321923924,19.127127149284323],[99.84023260600983,19.126990731818484],[99.8402436497703,19.126804625204077],[99.84021486072207,19.126641482909],[99.84000628682779,19.12647536455437],[99.8397702870166,19.126415688971992],[99.83947446138674,19.126375271418063],[99.83931568583252,19.126300718153274],[99.83936322646602,19.12601697983679],[99.83902330330557,19.125952777812515],[99.83895075394398,19.126249999068],[99.83881476771286,19.12613222628627],[99.8387204501339,19.12605884104583],[99.838734753458,19.125935842863907],[99.83871863601004,19.125775845749907],[99.8385956823595,19.1256818190015],[99.83852398402954,19.12570236655083],[99.83838963069707,19.1257175995125],[99.83811845685574,19.125450007526403],[99.83809891456373,19.125457074769944],[99.8380305131747,19.12545738636573],[99.8379106736935,19.125430841705324],[99.8377222972893,19.125377519449547],[99.83760807658575,19.125334695415013],[99.83754532027179,19.125324145100564],[99.83750536536228,19.125313490966267],[99.83744806396322,19.1252541541163],[99.83740219011536,19.125200182793474],[99.8373505611257,19.125135401625016],[99.83729906959228,19.125097709431426],[99.83723623151178,19.125070905790185],[99.83718493105332,19.125071139242166],[99.83712209299529,19.12504433465711],[99.83706501011022,19.125028340796298],[99.83692201601174,19.124931467091347],[99.83674411330448,19.124693883662438],[99.83664833407876,19.124570979551084],[99.83655478272445,19.124450933534494],[99.83651078118199,19.124406550538534],[99.8364895276965,19.12438511247084],[99.83648027313092,19.124370002540648],[99.83646240327153,19.124357425033132],[99.83638134538987,19.12430037550446],[99.83633937139427,19.124298788775032],[99.8361473735434,19.12418217397593],[99.8359965180456,19.124052601213542],[99.83598558151218,19.124016854319986],[99.83579629599949,19.123882892409302],[99.8357117971105,19.123803197507677],[99.8355734639421,19.123694686503374],[99.83549607536239,19.12352769167862],[99.8354805680364,19.12349615315998],[99.83544967154502,19.123433315056673],[99.83490342554943,19.122899265861072],[99.83483297039388,19.122911457531938],[99.83491115943085,19.122943443937057],[99.83497598541605,19.1229953047252],[99.83523853065608,19.1232926939323],[99.83542004341464,19.123445034997506],[99.8354556977065,19.12351958488048],[99.83548162810058,19.123613582559024],[99.83552376499095,19.123697856339774],[99.83558534967689,19.123736751930885],[99.83565017566208,19.123798336616826],[99.83575065593914,19.12387612779906],[99.83587706661027,19.123957160280554],[99.8359548577925,19.124044675360565],[99.83607478586512,19.124154879535396],[99.83622712693032,19.12424239461541],[99.8363235555833,19.124299117352464],[99.83643375975814,19.12437042593617],[99.83649534444407,19.124441734519895],[99.83657961822483,19.12452924959991],[99.83665416810781,19.124629729876958],[99.83671251149448,19.124726968854752],[99.83680650917302,19.124817725234024],[99.83687457645748,19.12492144681034],[99.83697181543526,19.1249895140948],[99.83712658747493,19.125085942747784],[99.83721086125567,19.12509890794481],[99.8372983763357,19.12511835574038],[99.83735996102163,19.125147527433718],[99.83739237401423,19.125215594718174],[99.83745395870017,19.12529014460115],[99.83754471507943,19.12533876409004],[99.83769705614465,19.12538414227968],[99.83789801669876,19.12544896826488],[99.83799525567655,19.125471657359693],[99.83813139024547,19.12551055295081],[99.83817676843509,19.125542965943414],[99.83826428351512,19.12563696362194],[99.83830642040549,19.125705030906406],[99.8383615224929,19.125776339490127],[99.83844255497439,19.125867095869392],[99.83854303525145,19.125935163153837],[99.8386435155285,19.12599674783978],[99.83873427190778,19.12607129772275],[99.83881854568854,19.12614584760573],[99.83898952422449,19.126319257116137],[99.83900897202005,19.126345187510214],[99.83901869591783,19.126400289597626],[99.83900897202005,19.126458632984303],[99.83903166111487,19.126510493772464],[99.83905110891043,19.12654614806432],[99.83909648710006,19.12655911326136],[99.83914510658896,19.12655263066284],[99.83918400218008,19.1265396654658],[99.83924234556676,19.126494287276163],[99.83929420635491,19.1264586329843],[99.8393428258438,19.126435943889486],[99.8394238583253,19.12644566778726],[99.83954054509866,19.126481322079123],[99.83970909266016,19.126529941568016],[99.8397706773461,19.126568837159127],[99.83995543140391,19.126575319757656],[99.84006563557874,19.126620697947303],[99.8401337028632,19.12668552393249],[99.84016287455654,19.126756832516207],[99.8401661158558,19.126805452005105],[99.84015639195802,19.126876760588818],[99.84014666806024,19.126935103975498],[99.84013046156394,19.127003171259954],[99.84011101376838,19.12703882555181],[99.8401174963669,19.127110134135524],[99.84014342676097,19.127155512325164],[99.84020501144691,19.127200890514803],[99.84027632003063,19.127239786105914],[99.84037680030768,19.127298129492594],[99.84043676434399,19.127311094689627],[99.84052103812475,19.127301370791848],[99.84059882930698,19.12730785339037],[99.84066041399291,19.12730785339038],[99.84074144647441,19.12732405988667],[99.84085165064924,19.127369438076304],[99.84094564832778,19.127405092368164],[99.84100399171446,19.12739536847039],[99.84106881769965,19.12737592067483],[99.84115309148041,19.127375920674826],[99.84126653695449,19.127421298864462],[99.84140915412193,19.127447229258536],[99.8417170775516,19.1274666770541],[99.84211899865983,19.127512055243745],[99.84218706594427,19.12752826174004],[99.8423069940169,19.127580122528197],[99.84236209610431,19.12763198331635],[99.84242368079025,19.127661155009676],[99.84253388496508,19.12768384410451],[99.84261815874584,19.127725980994878],[99.84267001953398,19.127771359184518],[99.84275105201549,19.12780701347637],[99.8428223605992,19.12780377217712],[99.84300711465701,19.127894528556386],[99.84310597428443,19.127952061618245],[99.84335231302818,19.127932613822697],[99.8434787236993,19.127916407326396],[99.84361809956748,19.12782565094712],[99.84381906012159,19.12774785976489],[99.84400057288013,19.127699240275987],[99.84414643134683,19.127666827283395],[99.84434739190094,19.12764089688931],[99.8444535444517,19.127637655590057],[99.84476795047989,19.12760848389671],[99.84497539363252,19.127589036101156],[99.84517959548589,19.12757282960486],[99.84542917552889,19.12751124491892],[99.8455547758752,19.127498279721895],[99.8457881494219,19.127475590627068],[99.84610579674937,19.127404282043347],[99.84636510069015,19.127329732160376],[99.84650447655832,19.12731352566408],[99.84658226774056,19.12728111267148],[99.84675405660133,19.127238975781104],[99.84703604963693,19.127193597591464],[99.84732776657032,19.12711580640923],[99.84740474742773,19.12724221708036],[99.84745012561737,19.127365386452233],[99.84747281471219,19.127391316846314],[99.84749874510626,19.12741724724039],[99.84755060589443,19.127417247240384],[99.84824100263677,19.12724869967888],[99.8483674133079,19.127219527985538],[99.84843223929309,19.12721952798555],[99.84849706527828,19.127219527985535],[99.84853271957014,19.127255182277406],[99.84856189126349,19.12734593865667],[99.8486656128398,19.128213796533494],[99.84874664532128,19.128605183419108],[99.8488017474087,19.128776972279873],[99.8488827798902,19.129007104527318],[99.84897677756874,19.12910677447955],[99.84903187965615,19.129194289559575],[99.84909022304282,19.129275322041067],[99.84914532513025,19.129356354522553],[99.8491971859184,19.12943738700406],[99.84931711399102,19.129557315076674],[99.84944271433733,19.12971856971484],[99.84958857280402,19.129887117276358],[99.84986732454037,19.13017559291048],[99.8499775287152,19.13030848618013],[99.85002857917854,19.130391949636056],[99.8500804399667,19.130450293022747],[99.85012257685707,19.130518360307196],[99.85013230075485,19.13058966889091],[99.85015823114894,19.13067394267167],[99.85015823114894,19.130742009956126],[99.85014850725115,19.13079711204354],[99.85011933555782,19.130848972831693],[99.8501290594556,19.13092028141541],[99.85013878335337,19.13098834869987],[99.85016795504671,19.131069381181362],[99.85022305713413,19.131176344056936],[99.85027410759747,19.131288979206218],[99.8503843117723,19.131350563892155],[99.85044589645824,19.131386218184012],[99.85050423984491,19.131457526767733],[99.8505204463412,19.131528835351443],[99.85056906583011,19.131600143935156],[99.85060472012196,19.131664969920358],[99.85065658091013,19.131729795905553],[99.85068899390272,19.131794621890748],[99.85073113079311,19.131869171773715],[99.85080568067607,19.13188861956927],[99.85088023055906,19.13193075645965],[99.85094505654425,19.13194696295595],[99.85100339993092,19.13201827153967],[99.85107146721538,19.132053925831524],[99.85114277579909,19.132105786619686],[99.85119463658725,19.132151164809326],[99.85124973867467,19.132151164809326],[99.85130159946283,19.132147923510058],[99.85140207973988,19.132105786619693],[99.85154388658249,19.13215035448451],[99.85188422300477,19.132263799958604],[99.85227317891595,19.13235455633788],[99.85241903738265,19.132377245432686],[99.85248710466709,19.132406417126035],[99.85250655246266,19.132451795315664],[99.85251303506118,19.13250365610382],[99.852535724156,19.13255551689198],[99.85258434364489,19.132594412483105],[99.8526880652212,19.13261386027866],[99.85283311336308,19.132603326056074],[99.85297897182977,19.13255794786643],[99.85309889990238,19.13249312188123],[99.85319289758091,19.132441261093067],[99.8533873755365,19.13237643510788],[99.853468408018,19.132347263414545],[99.85353647530245,19.1323505047138],[99.85357861219283,19.132363469910832],[99.85358509479136,19.132418571998254],[99.85366288597359,19.133238620710987],[99.85371150546248,19.13368267870958],[99.85382170963732,19.133718333001436],[99.85388653562251,19.133728056899216],[99.8539999810966,19.13367943741032],[99.85415232216181,19.133647024417712],[99.85440190220481,19.133608128826605],[99.85452831287596,19.133578957133267],[99.8548394776049,19.133523855045848],[99.85505664465529,19.133501165951028],[99.8551538836331,19.13350764854954],[99.85524301936273,19.133422564443975],[99.85525922585903,19.133396634049895],[99.85529812145015,19.133367462356563],[99.85534349963979,19.13332532546618],[99.85538563653017,19.13328967117432],[99.85542453212129,19.133270223378773],[99.85546991031092,19.13325725818173],[99.85554770149315,19.133244292984685],[99.85565142306947,19.13323456908692],[99.85574217944874,19.133241051685427],[99.85581997063098,19.13327022337877],[99.85594314000285,19.133273464678037],[99.85597879429471,19.13330911896989],[99.85602741378361,19.133338290663218],[99.85607927457177,19.13335773845878],[99.85612789406066,19.133383668852865],[99.85616354835251,19.13341932314472],[99.8562380982355,19.133451736137314],[99.85628671772439,19.133458218735843],[99.85636450890662,19.13347118393288],[99.85642933489183,19.133477666531387],[99.8564552652859,19.133513320823255],[99.85647471308145,19.13356194031215],[99.85649740217627,19.13363324889587],[99.85651684997184,19.133662420589207],[99.85652657386962,19.133717522676612],[99.85657843465778,19.133775866063292],[99.85662057154815,19.13383096815071],[99.85663029544592,19.133879587639605],[99.85664326064297,19.133937931026285],[99.85665946713927,19.133960620121112],[99.85666594973779,19.134018963507785],[99.85666919103704,19.134090272091495],[99.85667243233631,19.134135650281134],[99.85668539753334,19.134168063273723],[99.85671456922668,19.134197234967065],[99.85675994741632,19.134242613156708],[99.85680532560596,19.134291232645605],[99.8568507037956,19.134330128236723],[99.85690904718227,19.134362541229322],[99.85697063186821,19.134407919418965],[99.85699656226228,19.134417643316738],[99.85702897525488,19.13441440201748],[99.85707111214526,19.13437550642637],[99.85711000773638,19.134365782528583],[99.85713917942972,19.134378747725616],[99.85716186852454,19.134391712922653],[99.85722993580899,19.134440332411565],[99.85727531399863,19.13447922800268],[99.85729800309345,19.134495434498966],[99.85730448569197,19.13454081268861],[99.85730448569197,19.13457970827972],[99.85733365738531,19.134612121272326],[99.8573660703779,19.134618603870845],[99.85740172466976,19.13460239737454],[99.85748275715126,19.134582949578988],[99.85750787722051,19.13457646698047],[99.85756297930794,19.13454405398787],[99.85766670088425,19.134557019184907],[99.85774692304093,19.134592673476767],[99.85776961213575,19.134612121272315],[99.85779878382908,19.134612121272315],[99.85782471422317,19.134605638673804],[99.8578214729239,19.134531088790833],[99.85772747524537,19.134407919418944],[99.85769830355203,19.134307439141907],[99.85766589055943,19.13410728891261],[99.8590304775478,19.133194052846157],[99.85909206223374,19.13303279820799],[99.85898509935816,19.132974454821312],[99.85884896478926,19.132929076631676],[99.85872903671665,19.13284804415018],[99.85862207384108,19.132754046471646],[99.85855400655662,19.132653566194595],[99.86015682904059,19.132200594623033],[99.86020220723023,19.132093631747452],[99.86014386384355,19.13159123036219],[99.86046151117101,19.131526404376995],[99.86043558077694,19.131377304611046],[99.86115839051186,19.131260617837693],[99.86131073157708,19.131118000670252],[99.86218183075314,19.130994831298388],[99.86230500012502,19.13115041366285],[99.86236982611021,19.131293030830285],[99.8624281694969,19.131429165399194],[99.86246382378874,19.131591230362194],[99.86247354768653,19.131779225719253],[99.86248003028504,19.13189267119335],[99.86254080464617,19.132127665389696],[99.86287141717067,19.132049874207457],[99.8629167953603,19.1321827674771],[99.86321823619147,19.132108217594126],[99.86365257029227,19.132785649139418],[99.86393780462714,19.132688410161627],[99.86394023560159,19.132614670603473],[99.86462739104466,19.132465570837525],[99.8646241497454,19.132358607961958],[99.86467925183281,19.132336729191945],[99.86471490612468,19.132220042418588],[99.86482835159877,19.13214873383488],[99.86502607085362,19.13207742525116],[99.86511277560882,19.13239183127936],[99.86673585621315,19.131728175255923],[99.86668723672426,19.131592040687003],[99.86663213463684,19.131439699621794],[99.86652841306054,19.131297082454367],[99.86643117408273,19.131177964706563],[99.86726094669325,19.130682045919823],[99.86730956618214,19.13073714800724],[99.86754293972885,19.13057832434351],[99.86750404413773,19.130490809263495],[99.86824549134342,19.12985389395893],[99.86874141013016,19.12947466194554],[99.86853396697754,19.129254253595885],[99.86901043796873,19.129004673552867],[99.86897802497612,19.12894065789249],[99.86891968158945,19.128862866710257],[99.86889699249463,19.12880776462284],[99.86885809690351,19.12865866485689],[99.86862148205755,19.128309414861647],[99.86858582776568,19.128212175883856],[99.8685047952842,19.1280954891105],[99.86879327091832,19.12794719966937],[99.8709122703094,19.127124719982184],[99.87115212645463,19.12685245084436],[99.87106137007535,19.126503200849132],[99.87099006149164,19.12630224029502],[99.87087985731681,19.126036453755713],[99.87064324247085,19.125638584271574],[99.87059786428121,19.125153199707423],[99.87092199420718,19.124968445649614],[99.87092523550645,19.12487120667181],[99.8709122703094,19.12477720899328],[99.8709122703094,19.12467672871623],[99.87094792460127,19.124550318045102],[99.87099006149164,19.12445307906729],[99.87116185035241,19.124175137655765],[99.87120074594353,19.124064933480945],[99.87120074594353,19.123912592415735],[99.87112943735981,19.123722166084217],[99.87104516357905,19.1236022380116],[99.87097385499534,19.123504999033823],[99.87082151393014,19.123433690450103],[99.87068862066047,19.123479068639735],[99.87056869258787,19.12344017304862],[99.87045524711378,19.12342072525306],[99.8703482842382,19.12337858836268],[99.87021863226781,19.12328134938489],[99.87064000117158,19.123103888250416],[99.87050386660268,19.122782999623688],[99.87138468967652,19.122158239191368],[99.87177688688696,19.121925675969482],[99.87324195415239,19.121163970643426],[99.87319333466348,19.12098326820969],[99.87305071749606,19.120494642346276],[99.87307340659088,19.120079756041015],[99.87309285438643,19.1198245037243],[99.87317064556866,19.11924512148162],[99.87316092167089,19.11918353679568],[99.87311554348125,19.11899554143861],[99.87305071749606,19.118836717774883],[99.8729178242264,19.118671411512643],[99.87273955276711,19.118463968360007],[99.87255804000857,19.118192509547008],[99.872451077133,19.1180239619855],[99.8722403926811,19.1177427792747],[99.87211722330923,19.117613127304306],[99.87193895184994,19.11745430364059],[99.87170557830324,19.11728899737833],[99.87162454582175,19.1171949996998],[99.87157592633285,19.117075881952005],[99.87334162410463,19.11643815632264],[99.8743107725833,19.116050010736277],[99.87424918789736,19.115939806561446],[99.87420705100699,19.115855532780685],[99.8740773990366,19.115761535102152],[99.8740611925403,19.11567077872288],[99.87398340135806,19.11557029844583],[99.87397043616102,19.11546333557026],[99.87378325112877,19.115328011326156],[99.87370870124579,19.115302080932075],[99.87363091006355,19.11524049624614],[99.87358877317318,19.11516918766243],[99.87357580797614,19.115097879078704],[99.87358877317318,19.11503953569204],[99.87359849707096,19.11496822710832],[99.87363739266208,19.114909883721648],[99.87368601215098,19.114858022933493],[99.87378000982952,19.114776990451993],[99.87391290309917,19.11468299277346],[99.87415275924438,19.114547668529365],[99.87415600054365,19.114401810062674],[99.87407820936141,19.11434670797526],[99.87396476388732,19.114294847187097],[99.87383511191693,19.11426567549377],[99.87370545994654,19.11422677990264],[99.87358229057466,19.114181401713008],[99.87353367108577,19.114097127932244],[99.8734915341954,19.11399016505668],[99.87338133002055,19.113941545567787],[99.87294699591975,19.113738154039225],[99.87284003304417,19.11371222364515],[99.87270713977452,19.113666845455516],[99.87258721170191,19.11357284777696],[99.8724186641404,19.11338242144547],[99.87236356205298,19.113324078058778],[99.87229873606779,19.113178219592097],[99.87223066878333,19.11310042840986],[99.87217232539665,19.113093945811347],[99.87204915602479,19.11309718711061],[99.8719746061418,19.113071256716523],[99.87194219314921,19.113029119826145],[99.87190653885735,19.112977259037994],[99.87193246925143,19.11292539824984],[99.87198757133885,19.112818435374262],[99.87201026043367,19.11272443769573],[99.87207508641886,19.11259154442608],[99.87213018850628,19.112478909276806],[99.87204267342626,19.112375187700486],[99.8718611606677,19.11235249860567],[99.872039432127,19.11216126194934],[99.8717355603214,19.111821735851876],[99.87151515197172,19.11156891450962],[99.87117481554945,19.111222095488802],[99.87098763051719,19.111137821708052],[99.8708093590579,19.11104463435434],[99.87067970708752,19.110979808369144],[99.8705273660223,19.11090849978542],[99.8702939924756,19.110837191201703],[99.87005413633038,19.110775606515777],[99.8698661409733,19.11072698702688],[99.86967814561623,19.1107010566328],[99.86954525234658,19.110733469625398],[99.8693993938799,19.110769123917255],[99.86927298320876,19.110802347234667],[99.86908174655244,19.110786140738366],[99.86893588808574,19.110724556052432],[99.86888726859685,19.110666212665755],[99.86875761662645,19.110552767191667],[99.86866686024719,19.110416632622755],[99.86857934516716,19.110267532856803],[99.86848210618938,19.110131398287887],[99.86835245421898,19.1100179528138],[99.86844645189751,19.10993448935785],[99.86970002438625,19.109348624516638],[99.86961575060549,19.109189800852917],[99.87172178479955,19.10808289715569],[99.87161482192397,19.107920832192697],[99.87154675463951,19.107823593214917],[99.87148192865432,19.107690699945262],[99.87139441357431,19.10751566978523],[99.87128420939946,19.107338208650756],[99.87125503770613,19.1072215218774],[99.87116428132686,19.10713076549813],[99.87104435325425,19.107065939512925],[99.87087256439348,19.107049733016627],[99.87077532541568,19.10696870053513],[99.87073642982456,19.106900633250678],[99.87074291242308,19.10679367037511],[99.87072022332826,19.106667259703976],[99.87064891474455,19.10663484671138],[99.8705484344675,19.106615398915817],[99.87048684978156,19.106492229543942],[99.8703863695045,19.10643064485801],[99.8702405110378,19.106386076993193],[99.87031830222004,19.106113807855372],[99.87076884281716,19.106033585698686],[99.87081097970754,19.10560006192269],[99.87085635789718,19.105415307864874],[99.87084339270014,19.105246760303366],[99.87085635789718,19.10507254046815],[99.87092118388237,19.10489751030813],[99.87096980337127,19.10470303235254],[99.87092118388237,19.104275991175054],[99.87090821868533,19.104143097905407],[99.87084339270014,19.104036135029837],[99.87075587762013,19.103867587468308],[99.8706618799416,19.1037087638046],[99.87061001915343,19.10335627251009],[99.87049009108082,19.10295516172669],[99.87044471289119,19.102725029479245],[99.87049657367933,19.102333642593628],[99.87056788226306,19.10212944074026],[99.87073642982456,19.102035443061723],[99.87084987529866,19.102022477864686],[99.87084339270014,19.10216833633137],[99.87084015140087,19.102275299206948],[99.87163021809545,19.1021586124336],[99.872407319593,19.101957651879484],[99.8726731061323,19.101899308492804],[99.87349315484502,19.101717795734274],[99.8733505376776,19.100922056765985],[99.87331812468499,19.10071785491262],[99.87410576040512,19.100578479044444],[99.87409927780661,19.100526618256296],[99.8740344518214,19.10034510549774],[99.87394045414287,19.10022274645068],[99.87386914555915,19.100122266173628],[99.87377190658137,19.100050957589918],[99.87367142630431,19.10002502719584],[99.87357418732651,19.099992614203234],[99.87347694834872,19.09980137754691],[99.8734380527576,19.09969117337207],[99.87348018964798,19.099616623489098],[99.87371923546839,19.09957205562428],[99.8738553700373,19.099539642631672],[99.87401419370103,19.099533160033165],[99.8741859825618,19.099500747040565],[99.87416329346698,19.098840332316374],[99.87410495008031,19.098600476171157],[99.87405308929215,19.098196124088496],[99.87407577838697,19.097827426297695],[99.87411143267883,19.097383368299102],[99.8741373630729,19.096862329443077],[99.87405308929215,19.09630239499595],[99.87398178070843,19.09581376913255],[99.87395585031436,19.09527571345542],[99.87402067629955,19.094887567869055],[99.87411467397808,19.09487136137276],[99.87414384567143,19.094634746526793],[99.87395585031436,19.094165568458937],[99.87396233291288,19.09396460790482],[99.87387481783286,19.093732044682934],[99.87378406145359,19.093472740742154],[99.87403688279585,19.093440327749555],[99.87456845587445,19.093440327749555],[99.87522238800013,19.093712596887375],[99.87658292336442,19.093142938542464],[99.87691353588892,19.09302949306837],[99.8768908467941,19.09295818448466],[99.87680981431261,19.09281880861649],[99.87676767742222,19.092372319643452],[99.87668664494073,19.091750800510383],[99.87668016234221,19.091384533694026],[99.87667043844444,19.09069818857576],[99.87663478415257,19.090335163058665],[99.87656671686813,19.089856261093033],[99.8777911176635,19.08944785738629],[99.87823841696137,19.08948351167815],[99.88068721855214,19.089162623051436],[99.8813516849004,19.089097797066245],[99.8813735636704,19.08913993395661],[99.88174955438454,19.09034245598201],[99.88259553349134,19.089833571998216],[99.88355414774743,19.089112382912912],[99.88330780900368,19.0885970163306],[99.88327215471182,19.08841631389687],[99.8833629110911,19.08830286842277],[99.88356063034594,19.08820887074424],[99.88368379971782,19.08813432086126],[99.8837421431045,19.08802411668644],[99.88373890180523,19.087943084204934],[99.88372917790745,19.08782963873084],[99.88372917790745,19.087693504161937],[99.8837259366082,19.087563852191547],[99.88382317558599,19.087450406717444],[99.88388151897267,19.08735640903891],[99.88398524054898,19.087252687462605],[99.88406627303047,19.087184620178142],[99.88416351200827,19.08714248328777],[99.88422509669421,19.087097915422948],[99.88431261177422,19.086703287238063],[99.88487983914469,19.08671949373436],[99.88492197603506,19.086528257078033],[99.88479880666318,19.08628840093282],[99.88439040295646,19.08513449839633],[99.88429316397865,19.084972433433336],[99.88416756363235,19.084879246079606],[99.88393743138491,19.08432255293174],[99.88376240122487,19.08389551175426],[99.88358412976558,19.083419040763076],[99.88346420169297,19.083183236241915],[99.88333130842332,19.083017929979675],[99.88323082814627,19.082855865016683],[99.88311495169773,19.08249689112366],[99.88307929740587,19.082415858642165],[99.88305660831105,19.082270000175477],[99.88303067791698,19.082120900409528],[99.88291074984436,19.081988007139874],[99.8827778565747,19.081832424775403],[99.8825931025169,19.08168332500945],[99.88246345054651,19.081505863874973],[99.88217497491239,19.081091787894543],[99.88188649927827,19.080599110407046],[99.88198292793125,19.080437855768878],[99.8821158212009,19.080113725842896],[99.88230705785722,19.079660754271337],[99.88259877479061,19.079152680612353],[99.88266035947655,19.079026269941235],[99.88282566573879,19.07870862261377],[99.88284835483361,19.078556281548565],[99.88289049172398,19.078423388278907],[99.88299097200104,19.07786345383178],[99.88303959148993,19.077668975876186],[99.88301690239513,19.077500428314675],[99.88296828290622,19.077225728202418],[99.88277380495063,19.076743584937514],[99.88276732235212,19.07660745036861],[99.88274787455656,19.076448626704874],[99.88274787455656,19.076218494457432],[99.88270573766619,19.07601753390333],[99.88259877479061,19.075848986341814],[99.88257608569579,19.075798746203283],[99.88215795809127,19.074959249695002],[99.88182410426752,19.074265611653402],[99.88203478871941,19.0742494051571],[99.8821482341935,19.074242922558582],[99.88221954277721,19.074249405157104],[99.88229409266019,19.07425912905489],[99.88254286237837,19.07427533555118],[99.88287671620213,19.07427857685044],[99.8833467045948,19.074255887755626],[99.88352821735336,19.074265611653402],[99.88375753927599,19.074259129054887],[99.88391960423897,19.07426237035415],[99.88408815180048,19.074288300748226],[99.88444793601832,19.074323955040082],[99.88468455086429,19.07434340283564],[99.88511483334102,19.07437581582824],[99.88522503751585,19.074340161536384],[99.88536117208477,19.07427533555117],[99.88550703055147,19.074304507244523],[99.8856075108285,19.074456848309737],[99.88573068020038,19.07462215457198],[99.8858830212656,19.07478097823572],[99.8860353623308,19.074920354103885],[99.88612936000933,19.074907388906848],[99.8864526796105,19.07478989180868],[99.88651102299718,19.074880648187946],[99.88652722949348,19.075042713150943],[99.88654019469053,19.07518208901911],[99.88659205547867,19.075340912682844],[99.88666984666091,19.075490012448792],[99.88672819004759,19.07561318182066],[99.88687080721502,19.075628577992152],[99.88690970280614,19.07563830188993],[99.88697452879133,19.07565774968548],[99.88701990698097,19.075709610473645],[99.8871463176521,19.07596243181591],[99.887194937141,19.076081549563703],[99.8872597631262,19.07622416673113],[99.88721762623581,19.07629223401559],[99.88717224804618,19.07637002519784],[99.8871139046595,19.07645429897859],[99.88713335245507,19.076558020554895],[99.8871301111558,19.07671036162011],[99.8871625241484,19.0768562200868],[99.88719169584174,19.07703449154609],[99.8872759696225,19.077318915556134],[99.88730838261509,19.077416154533935],[99.88735376080473,19.077516634810983],[99.88744775848326,19.077646286781373],[99.88751906706698,19.077814834342885],[99.88756768655587,19.078064414385878],[99.88756120395736,19.078207031553312],[99.88758389305217,19.078336683523705],[99.88763251254109,19.078485783289658],[99.88782050789816,19.079218316922375],[99.88788533388335,19.07958134243947],[99.88802146845227,19.07991195496397],[99.88847525034863,19.07974989000098],[99.88872158909238,19.07962672062911],[99.88895496263909,19.07941279487796],[99.8891883361858,19.079161594185326],[99.8894865357177,19.07866243409932],[99.89058695681639,19.077153609293884],[99.89099536052312,19.077574978197653],[99.89146859021506,19.076913753148656],[99.891779754944,19.07645348865376],[99.89247177233597,19.07519100259207],[99.893645122668,19.075294724168387],[99.89372291385024,19.075307689365427],[99.89378125723692,19.07535306755506],[99.89382015282804,19.07548920212397],[99.89398870038954,19.075910571027748],[99.89421559133773,19.076403248515227],[99.89455268646076,19.0763578703256],[99.89507129434232,19.076318974734477],[99.89513612032752,19.076390283318194],[99.89518149851715,19.076565313478227],[99.89520742891123,19.0767533088353],[99.89522687670679,19.076850547813088],[99.89530466788902,19.076805169623448],[99.89540190686682,19.076701448047142],[99.89553804143573,19.076526417887113],[99.89562879781501,19.076331939931517],[99.89565472820908,19.076267113946326],[99.89577141498243,19.076195805362605],[99.89590106695283,19.076092083786286],[99.8959269973469,19.075910571027748],[99.89585568876319,19.075644784488446],[99.89561583261796,19.07513427985503],[99.89557693702685,19.074926836702396],[99.89546673285201,19.074589741579373],[99.89540838946535,19.07440822882083],[99.89544728505646,19.074168372675604],[99.89553804143573,19.074012790311137],[99.89563528041353,19.07389124158889],[99.89571955419427,19.073794002611095],[99.89571955419427,19.07362545504959],[99.89575844978539,19.073482837882153],[99.89581031057355,19.07328835992657],[99.8958232757706,19.073067951576906],[99.89592051474838,19.072756786847965],[99.89609554490842,19.072259247411576],[99.89631595325808,19.071520231180347],[99.89649746601663,19.0711004829262],[99.89656229200183,19.070912487569142],[99.89662711798702,19.07071152701504],[99.8967178743663,19.07049111866537],[99.89687345673076,19.070348501497936],[99.89711979547451,19.070066508462332],[99.89724944744489,19.069884995703788],[99.89735316902122,19.069768308930435],[99.89737909941529,19.06965162215708],[99.89737909941529,19.06940528341334],[99.89745689059752,19.069301561837023],[99.89758654256791,19.069301561837026],[99.89781991611461,19.06928859663998],[99.89797549847908,19.069275631442952],[99.89810515044948,19.06921080545775],[99.89813108084356,19.069094118684404],[99.89813108084356,19.06887371033473],[99.8980143940702,19.068666267182106],[99.89789770729685,19.068523650014672],[99.89780695091758,19.068316206862047],[99.89772915973535,19.068082833315348],[99.89779398572054,19.067736014294542],[99.89779398572054,19.067619327521193],[99.89767729894719,19.067502640747833],[99.89757357737088,19.067398919171517],[99.89758654256791,19.067295197595215],[99.8977810205235,19.067217406412976],[99.89794956808501,19.067100719639615],[99.89798846367613,19.066854380895876],[99.89798846367613,19.06662100734917],[99.89813108084356,19.06643949459062],[99.89802735926725,19.06614129505871],[99.89789770729685,19.065894956314978],[99.89822183722283,19.065622687177147],[99.89853300195178,19.06537634843341],[99.89859782793697,19.065194835674863],[99.89898678384814,19.064835051457013],[99.89899974904519,19.064575747516237],[99.89906457503038,19.06434237396953],[99.8992071921978,19.064134930816905],[99.89941463535044,19.06404417443763],[99.89968690448826,19.063810800890927],[99.89953132212379,19.063175506236007],[99.89894788825703,19.061801195349855],[99.89806625485836,19.060533847339272],[99.8970549694893,19.059198432044226],[99.89585244746392,19.057671780092864],[99.89493191847414,19.056362295191896],[99.89363539877023,19.054498548117536],[99.89293527813011,19.053218234909917],[99.89242963544558,19.05290707018097],[99.89194992315512,19.052168053949732],[99.8920406795344,19.0514938637037],[99.89192399276105,19.05096229062509],[99.89147345216394,19.0502913416783],[99.89124007861723,19.049565290644107],[99.89066960994751,19.048929995989198],[99.89006024568667,19.048761448427687],[99.8893730902436,19.048476214092826],[99.88867296960348,19.048190979757972],[99.88850442204196,19.047944641014215],[99.88801174455448,19.04757189159934],[99.88738941509659,19.047182935688166],[99.88668929445647,19.047014388126655],[99.88628737334827,19.046910666550342],[99.88554835711703,19.046586536624364],[99.88453707174797,19.046054963545746],[99.88396660307825,19.045176571446344],[99.88342530610187,19.0445672071855],[99.88311414137293,19.044307903244725],[99.88279001144694,19.043880051742427],[99.88289373302325,19.043439235043103],[99.883140071767,19.04294655755561],[99.88329565413147,19.04214271533918],[99.88312710656996,19.04132914922497],[99.88258256829432,19.03995483833882],[99.88192458454458,19.038674525131196],[99.8811077771311,19.03749469220063],[99.8800446309739,19.036642230495296],[99.87896851961965,19.03603286623446],[99.87787944306835,19.03525819571137],[99.87780813448475,19.035258195711403],[99.8775391066462,19.035543430046264]],[[99.82986652801388,19.098157672419624],[99.83005620493141,19.097939196198382],[99.83024642498773,19.097829528121945],[99.8304752485025,19.0978103614557],[99.83051436376175,19.097810185095582],[99.8308251427447,19.097824159305254],[99.83097122870308,19.09780812460015],[99.83107550888793,19.0977526749997],[99.83113358920899,19.09770784296278],[99.83118657571369,19.097605892898116],[99.83118546681334,19.097504186928305],[99.83068858214229,19.096519717203662],[99.83090117845352,19.096536716172245],[99.83117926608472,19.0965563940467],[99.83125678798717,19.096647623699067],[99.83135084834252,19.096743684717637],[99.83141711289386,19.09678525053806],[99.83151331312281,19.096758650751166],[99.83155432496724,19.09670384501297],[99.83169735361072,19.096684883398094],[99.8318601190628,19.0967600285507],[99.8319763830251,19.096892947811202],[99.83209973004536,19.09695803379733],[99.83216326892689,19.096983225457507],[99.83266023822185,19.097048380743207],[99.83290435597189,19.09697739000486],[99.83295366255321,19.096974082236425],[99.83311346636854,19.09696336158804],[99.83325097728226,19.096941807165894],[99.83338536908582,19.09684700321722],[99.83369004033727,19.09666343982557],[99.8337614892366,19.096677156049264],[99.83378943096936,19.096732022326332],[99.83377687757745,19.096842127001377],[99.83377932430155,19.0968527360139],[99.83380246778857,19.09696706739473],[99.83380372666176,19.096985914339076],[99.8338623267808,19.097056493331927],[99.83389620173266,19.097079382099718],[99.83398369682592,19.09707324759495],[99.83403787821955,19.09704431033365],[99.83409217459781,19.097038326092658],[99.83417062984796,19.09703510162767],[99.83420720698598,19.09710666584503],[99.83420473526864,19.097215706427658],[99.83416304209693,19.097327793824004],[99.83412889403297,19.097417742951464],[99.8342416259187,19.09747861601264],[99.83435466949639,19.09750189978961],[99.8344354026109,19.09747289003425],[99.83446541072568,19.09743832376285],[99.83456606471174,19.097334090579675],[99.8348738406667,19.097312906112464],[99.83491425007253,19.097346196283546],[99.83499686693649,19.09777142038934],[99.83494909257564,19.09777402719406],[99.83482726547717,19.09755460754881],[99.83455124505092,19.097586298890533],[99.83454978048383,19.097660497915324],[99.8345424359544,19.09803266430267],[99.83458100717499,19.098100872148464],[99.83474439145891,19.098081003525735],[99.83479774697372,19.09818835693793],[99.83558315331587,19.09782375444643],[99.83566672700462,19.097938143042317],[99.83590821786503,19.09783425063722],[99.83572324929642,19.09754709794307],[99.83572324883423,19.097486224956015],[99.83579189754788,19.09739583616886],[99.83583659663611,19.097379225173736],[99.83610755804162,19.097397070386283],[99.83622262768765,19.09739654803517],[99.83628913828926,19.097396246081875],[99.836387433021,19.09739198443789],[99.83660580528083,19.097326139959932],[99.8366420162249,19.097345050430192],[99.8366502048693,19.097377439184225],[99.83666245476758,19.09741934695939],[99.83667936610385,19.09783208419339],[99.83677920720574,19.097835478537842],[99.83674866406085,19.097903463982593],[99.83704739648923,19.097979033580373],[99.83722572252486,19.09802414465751],[99.83742440586211,19.09805020284205],[99.83769896782795,19.098107610595854],[99.83798091669343,19.098207997807155],[99.8381672318278,19.098319522994363],[99.83835354625646,19.098431047986534],[99.83851112414692,19.09842497909228],[99.83862359133612,19.098403063347774],[99.8387474509875,19.098407850078008],[99.83884357137111,19.098493029023825],[99.83901359465918,19.098722351109902],[99.83913772335012,19.098780646983567],[99.83926723959776,19.098790759189338],[99.83936620266904,19.098822380816287],[99.83943087650027,19.09884304608401],[99.83943004533576,19.098884637325643],[99.83934744614281,19.09896391695228],[99.83933444046131,19.098992097904866],[99.83929768677619,19.09907173881223],[99.83931070808602,19.099160146346367],[99.83943291132222,19.099277637439403],[99.8394628752142,19.099273281582956],[99.83955200470571,19.09935750516363],[99.83972457914473,19.09962314199539],[99.83980962171036,19.099728915198515],[99.84000923762653,19.099811211421255],[99.84052704473616,19.10014741349271],[99.84065025123998,19.100040691153875],[99.84090156722,19.100200219420298],[99.84094791166704,19.100412327847696],[99.84097422451462,19.100482117424022],[99.84104446930057,19.100668426815936],[99.84091365829099,19.100639796351444],[99.84089926567567,19.100644430176906],[99.84068462626826,19.100713535005525],[99.84064637720674,19.100731934145223],[99.8403121835497,19.100867084873393],[99.84005883088716,19.100969542492415],[99.8398206377819,19.101065868746733],[99.83978601620633,19.101083350200636],[99.83974527765648,19.101105726501515],[99.83973224107984,19.101109764219302],[99.83973224127038,19.101109764775263],[99.83973224013381,19.101109765127294],[99.8397331403138,19.101112392544586],[99.83980506566348,19.101322251047385],[99.83980786460319,19.10133041660513],[99.83980886878587,19.101330105677892],[99.83991907671479,19.10155768606515],[99.83997299008398,19.101579359882944],[99.8400267559561,19.101571808383998],[99.84057897644713,19.101335471039704],[99.84058658914343,19.10132082285652],[99.84051652788017,19.1011457786577],[99.84052378771929,19.10111038987993],[99.8409391254647,19.10097041944303],[99.84099552439316,19.100951413228525],[99.84112973338114,19.10089600830355],[99.84114620994212,19.10089197583073],[99.84115933833871,19.10088622990539],[99.84118348381183,19.100799313772033],[99.84118322531455,19.100748167473874],[99.84115174532324,19.10072700876339],[99.84133379648779,19.10063775738483],[99.84160654477752,19.100559315128823],[99.8421185241498,19.100508814966886],[99.84232714258121,19.10057742455711],[99.84250182516796,19.100614083152973],[99.84268773951581,19.100645339492075],[99.842733040823,19.100698642800133],[99.84282358795534,19.100708862074192],[99.84282735601629,19.100729854518775],[99.84282898375552,19.100738922741794],[99.84310675607692,19.10070340003492],[99.84337058779941,19.100651980835416],[99.84355347017859,19.100616338906736],[99.84357184359709,19.1005144966282],[99.84393992794624,19.10046263885385],[99.84422415427437,19.10044269600145],[99.84424475316034,19.100432786698054],[99.84428521697797,19.100490008257736],[99.84432346010293,19.10054868756089],[99.8443677431051,19.10056727724074],[99.84437661867135,19.100571003136608],[99.84432866055695,19.10061172672746],[99.84429682016187,19.100628654956168],[99.8436890176041,19.1009517880268],[99.84362750151827,19.10097697508493],[99.84349760247291,19.101060717289773],[99.84338955326496,19.1011933478172],[99.84326115932943,19.101384943779305],[99.84308284580462,19.101624479280684],[99.84303835129367,19.10168425035906],[99.84292910403526,19.10185220952201],[99.8428389642837,19.1019886825965],[99.84282617634416,19.101996102475407],[99.8427662379444,19.10203088019761],[99.84263173080356,19.102080189809428],[99.84259138057843,19.102094981965617],[99.84253133902746,19.102116992825508],[99.84236374769294,19.102177940091934],[99.84227286573969,19.1021678895741],[99.84176451992123,19.102337672958136],[99.84163798907298,19.102353950560623],[99.84153918062952,19.102409349633852],[99.84145115681451,19.10242021804525],[99.84136593829676,19.102441539794917],[99.84129720769515,19.1024575530861],[99.84127203806386,19.102460915770386],[99.84118985752669,19.102456735190543],[99.84108934868287,19.102448036339016],[99.841027419709,19.102448319170183],[99.84097652677352,19.102453784682552],[99.84093807912615,19.102470967823574],[99.84091065428994,19.102490717173794],[99.84086806480661,19.102505302663825],[99.84082407267616,19.102514661449625],[99.84077315327386,19.102514893928653],[99.84073049107135,19.10251508869754],[99.84069471647763,19.10251656028904],[99.84066454581168,19.102537630413327],[99.84065577297721,19.102543248203606],[99.84063162273704,19.10255871309691],[99.84053961553074,19.102598381304762],[99.8404970491095,19.102617545567252],[99.8404118468673,19.10264213749505],[99.84037061367971,19.102652791858624],[99.84034725789317,19.10266074808613],[99.84030742732097,19.10267662913464],[99.84027725987791,19.102698353320445],[99.84025534963861,19.1027200398264],[99.8402389739259,19.10274758831464],[99.84021435750614,19.102778445087036],[99.84019174593705,19.10279751823606],[99.84015400603909,19.10281862281358],[99.84004607735594,19.102851375852374],[99.8401399058194,19.10311230813296],[99.84019449287621,19.1032641089439],[99.83985453596304,19.103378181605812],[99.83989267388624,19.10345930106127],[99.84011120232027,19.103400920463354],[99.84018764756784,19.10359326372425],[99.84019527771922,19.103626481682365],[99.83969394555959,19.10374613131071],[99.83959679980727,19.103769316310753],[99.83967811250989,19.103974405715217],[99.83965681827064,19.104000007419195],[99.83972945284884,19.104206603938632],[99.83972893257736,19.104208621521135],[99.83972525511209,19.104215696947964],[99.83943941274659,19.10436748398743],[99.83937378016915,19.104305688491856],[99.8387633536206,19.104455024392205],[99.83866251849614,19.10448462550806],[99.83857343037846,19.104519315753173],[99.83854108416331,19.1045417479924],[99.83846153283523,19.104594178930643],[99.83822157219949,19.104758085045617],[99.83779791612447,19.10493981595243],[99.83776941037209,19.104865620521206],[99.8374936591435,19.104477830761304],[99.83749255917131,19.10443701464115],[99.83744654889256,19.104430674005748],[99.8374247756795,19.104427673395584],[99.8371157919179,19.104371526402648],[99.8366344920474,19.104309764695056],[99.83642652282886,19.104203084523686],[99.83619388102176,19.103890927524937],[99.83616704911007,19.103724373297762],[99.83613101149396,19.103708257094045],[99.83610080932456,19.103686937192126],[99.83603829656985,19.1036853693662],[99.83590622038074,19.1036799910873],[99.83567317825853,19.103603342040056],[99.83528880732783,19.103443692745433],[99.83524458230579,19.10340205103289],[99.83524139858439,19.103378741427672],[99.83478059376466,19.103417020663436],[99.83469668141393,19.103337729660147],[99.83479841986762,19.10328226674959],[99.83470936650066,19.103083368644594],[99.83455706805651,19.102743213291742],[99.8345369720709,19.10269833078443],[99.8342982542419,19.102368994372437],[99.8340508997338,19.10235542181643],[99.83379870040925,19.10233739130607],[99.83368590850581,19.102334443551065],[99.83364199898038,19.10233116585453],[99.83332428639734,19.102329421909975],[99.83326918470635,19.102333641116026],[99.83320940013581,19.102338218566622],[99.83307830624507,19.10234825602901],[99.83258344716143,19.10212633534928],[99.83257748642436,19.102125317639622],[99.83200817599871,19.10202813115845],[99.8319814683125,19.102023571640814],[99.83167891094399,19.102218502677275],[99.83146725350815,19.102207391526026],[99.83134078146045,19.10214472634525],[99.83114824396796,19.10192784475267],[99.83108122652288,19.101597636735967],[99.83111923337839,19.10157330162854],[99.83117027320353,19.10150328252581],[99.83121386791207,19.10141235957125],[99.83121322762015,19.10134163838869],[99.8311612946469,19.101175313972277],[99.8311498810112,19.1011618825247],[99.83113175555606,19.101140552447195],[99.83105820361207,19.10111296867526],[99.83103742077542,19.101111543363633],[99.83096273284039,19.10110642030979],[99.83083744089757,19.10106590683355],[99.83026379000157,19.100172224869677],[99.83015808891022,19.100223726932423],[99.82974844260244,19.100423321515713],[99.82961648671768,19.100478740644938],[99.82954607286437,19.100503907307687],[99.82956022597216,19.100553381698887],[99.82971798054756,19.101169549094728],[99.82911042654695,19.101387189378578],[99.82911162183859,19.101299293517386],[99.82894547260085,19.1011263199592],[99.82889150479741,19.10107013503071],[99.8287633643577,19.101022943877044],[99.82864446825425,19.10099742385237],[99.82853035596423,19.101015307857296],[99.82847275774336,19.101034853628335],[99.8284469257624,19.10121882796363],[99.8284505209797,19.10140613460443],[99.82842216255007,19.101593584978755],[99.8283298210718,19.101766134803118],[99.82818673483857,19.10190853611945],[99.82810707331603,19.101908894341143],[99.82810590401567,19.101673895993628],[99.82807434894804,19.101562471767068],[99.82802304776035,19.101381324012575],[99.82798802525825,19.101353845006663],[99.82795311275419,19.101348475032346],[99.8279065990921,19.101348684134827],[99.82785987445203,19.10136075412322],[99.82786002391629,19.101107574617654],[99.8277591572735,19.100879450140294],[99.827760099117,19.100888963508126],[99.82763196393364,19.100875431953448],[99.82738743382379,19.100777253723557],[99.82708770700405,19.100632298027072],[99.82702169635174,19.100556922646437],[99.82701891483357,19.100562275006904],[99.8270023512117,19.100565502337925],[99.82698987127216,19.100567933258592],[99.826117829275,19.100588428583446],[99.82607120607183,19.100566528163306],[99.82603623891717,19.1005501032909],[99.82602452897294,19.100533574104514],[99.82598942373053,19.100489513364117],[99.82595691824864,19.10035691421926],[99.82588087121157,19.10013336108348],[99.82583119516067,19.100012287679522],[99.82579220781476,19.09991726564793],[99.82583091461737,19.099898649703423],[99.82583647569781,19.09989577084342],[99.82461596216817,19.097636381753947],[99.82473787152455,19.097519391909735],[99.82500407050784,19.09750301148183],[99.82552121989698,19.097617138543978],[99.8258951845236,19.097853412984577],[99.82627796880669,19.098793373824282],[99.82717639729132,19.09847038602535],[99.82723832627221,19.098582471292897],[99.82742116156584,19.09894700873647],[99.8274441966493,19.09907115581371],[99.82771479270107,19.09894716514959],[99.8278142658211,19.098920204911387],[99.82777425855538,19.098983833292614],[99.82766607896777,19.099335445064348],[99.82765432006717,19.099820478127405],[99.8277323863781,19.09993122714309],[99.82792585559433,19.09992875894409],[99.82793331550585,19.099928663055923],[99.82793794360143,19.09964554691827],[99.82842500092478,19.099670136623068],[99.82843871354189,19.099595475822955],[99.82807021822316,19.099539748972397],[99.82824656244667,19.09881088302375],[99.8281910687305,19.098818078272075],[99.82794787572156,19.098883991855917],[99.82769739122641,19.09828578546818],[99.82893588927347,19.097809377406676],[99.82927792693032,19.098554335699912],[99.829303597245,19.098540456345994],[99.82934450551882,19.09851833793675],[99.82950543562238,19.098431325894115],[99.82966978197605,19.098341064042604],[99.82969085803663,19.098329488705865],[99.82977177976774,19.098285045185126],[99.82986652801388,19.098157672419624]],[[99.82763917480877,19.103452930587366],[99.82774735274228,19.103599763572966],[99.82814128409176,19.10345263750551],[99.82819455029582,19.103568289054746],[99.82828325747424,19.103539408372807],[99.82834939554233,19.103750268382353],[99.82818123512558,19.103799149004114],[99.82787637637611,19.10392355010243],[99.82754403436353,19.103434697723223],[99.82709155186161,19.10375395794243],[99.82674816089745,19.103364612901835],[99.82744880178967,19.102982364586964],[99.8277803858415,19.103386493302633],[99.82763917480877,19.103452930587366]],[[99.82557966986292,19.10408403748363],[99.82556502172571,19.10403211975817],[99.82544034554063,19.10386054413179],[99.8253787611435,19.10379247263617],[99.82533174709823,19.103709147474202],[99.8253284565357,19.103582592706296],[99.82534668494434,19.103500460618076],[99.82571312997746,19.103529315930945],[99.82634892251839,19.103512472261336],[99.8262776182036,19.104124478801598],[99.82582602833283,19.104079560890348],[99.82557966986292,19.10408403748363]],[[99.83972448173104,19.10480720291547],[99.83981179056731,19.104955942369706],[99.83996079102013,19.105179826293995],[99.84000628349911,19.10526104447819],[99.8401249011651,19.105496426666438],[99.83940135058815,19.10558283271009],[99.8394291079679,19.105700343817624],[99.83989662815918,19.105637958014306],[99.84016505401841,19.10560290048392],[99.84021366951548,19.105742488093192],[99.84035973660349,19.10609452258125],[99.84077193150314,19.106744025636868],[99.84079906509261,19.106777977437893],[99.84074158003479,19.106802399809453],[99.84064324530742,19.10684081952288],[99.84052116199128,19.10692238108829],[99.84035914808268,19.107006656211293],[99.84025018716925,19.107050186983848],[99.84015185217324,19.107088606443728],[99.84002129411,19.107074013847402],[99.83987687218118,19.10695063497181],[99.8398625994291,19.10676084642144],[99.8398731397977,19.10664443790256],[99.83991116226879,19.106623779195665],[99.83997535776665,19.106585229902386],[99.84001519589283,19.10650471088718],[99.84001477099301,19.1064205502716],[99.83998617534174,19.106336517268335],[99.83993753610342,19.106267878633304],[99.83985513711697,19.106237743500397],[99.83977223053347,19.106207423582497],[99.83939787322927,19.106190002344523],[99.83911203189628,19.106168351694407],[99.83895075162233,19.106107876644014],[99.83887779255922,19.106004918249035],[99.83870531521082,19.1059231924033],[99.83868146149334,19.105864120751175],[99.83873192339364,19.105790932163472],[99.83895490087589,19.105467533358844],[99.83893609766024,19.10540257112162],[99.83891955259224,19.10534541182495],[99.83889073503488,19.105288112338865],[99.83885299378142,19.105213072659808],[99.83877209316252,19.105120595129197],[99.83862336454375,19.10498056026807],[99.83954497802831,19.104613456793366],[99.83960273396308,19.1046234788152],[99.83972448173104,19.10480720291547]],[[99.84865481598793,19.116094983849322],[99.84845942000426,19.11601116393175],[99.84826857111842,19.116272823683392],[99.84820706079267,19.116226775557447],[99.84818638086955,19.1162679069217],[99.84795090069034,19.116516534051588],[99.8478158461521,19.116425942504293],[99.84752554281613,19.116742440336488],[99.8472329898144,19.116412731740553],[99.84773633460554,19.11584508773877],[99.84795084170176,19.116067203467843],[99.84797275597987,19.116089895092895],[99.84803064829755,19.116042262925077],[99.84869896113001,19.11574001405116],[99.84876472393012,19.115800603382933],[99.84865481598793,19.116094983849322]],[[99.82118251846354,19.09795548778382],[99.82131572787513,19.097969449376837],[99.8214744364437,19.09802443230245],[99.82170363935963,19.098065177957277],[99.82182770733603,19.09811525231389],[99.82200245522569,19.098182820176703],[99.82218395391256,19.09826934318524],[99.82229875254335,19.098329584162062],[99.82235097018601,19.09838883877887],[99.82238841763096,19.098422845394484],[99.82241314507317,19.098442353286032],[99.82228710167823,19.098531514786334],[99.8222073001348,19.09854832508375],[99.82211951029053,19.098565171002257],[99.82197865894597,19.098621490278553],[99.82182281237317,19.098606997340653],[99.82172518419789,19.09851883413997],[99.82164055130927,19.09836606237845],[99.82158293072037,19.09831026882772],[99.82157556713234,19.09828281625618],[99.82155957429443,19.098252762567046],[99.8215325632484,19.098202003467826],[99.82145229333653,19.09812388825989],[99.82139085013218,19.098083659966935],[99.82129219085596,19.098056254564632],[99.82118251846354,19.09795548778382]],[[99.84108280715174,19.106931570942308],[99.84115373389679,19.106924135734896],[99.84131249653386,19.106885380312992],[99.84138131286213,19.106883351632845],[99.84144667290617,19.106911051949595],[99.84150114975002,19.10698565745542],[99.84153800566905,19.107085547909186],[99.84158083488512,19.107182265469607],[99.84163149693984,19.107285566974827],[99.84167131308192,19.10733728390037],[99.84169762773395,19.10736311307197],[99.84182908321664,19.107468957845796],[99.84200021581388,19.10759898179451],[99.84185327163698,19.107625073622742],[99.84161502290398,19.107663233500922],[99.84143418729992,19.107703837993668],[99.84131985694053,19.10773556998894],[99.84122239785447,19.107762619672293],[99.84119257211484,19.107770898109184],[99.84118812953974,19.107772131137455],[99.84118355738967,19.107773400128888],[99.84118355683016,19.10777340028418],[99.84118355673134,19.1077734003116],[99.84105997147105,19.10762617602336],[99.8410410752928,19.10757563471636],[99.84104808249944,19.107557039244867],[99.84107260771096,19.107491955092776],[99.8410535707862,19.107413569234524],[99.84101847977475,19.107320068417447],[99.8410075083328,19.107256833998242],[99.84103088571106,19.107140283672006],[99.84105416069154,19.107003482758884],[99.84102632774845,19.106913289715862],[99.84108280715174,19.106931570942308]],[[99.81031374967321,19.099035620596815],[99.81000258494429,19.099230098552407],[99.81049040048289,19.100724337511156],[99.81123427866301,19.101022537043068],[99.81203812087944,19.100873437277116],[99.81294217961049,19.10099009091728],[99.81273485914159,19.1009512184404],[99.8121239096834,19.100836665541216],[99.81202794612219,19.10085077772374],[99.81200355062724,19.100824519313665],[99.81195638138145,19.100773749389514],[99.81195606952076,19.100709823046948],[99.81195589373736,19.10067379020888],[99.81195532302374,19.100556802316504],[99.81195484880547,19.10045959389746],[99.81199879810204,19.100230918251793],[99.81188757320821,19.10019581867859],[99.81174337879052,19.100559834029713],[99.81157142522224,19.100816722931278],[99.8115092866092,19.10089592022987],[99.81124364724938,19.100976643163257],[99.811211517542,19.100902633756156],[99.81122158541498,19.10084857217671],[99.81120973768863,19.10074942907657],[99.81121227219302,19.100633526390574],[99.81118702513929,19.1005408261589],[99.81119894622353,19.100443051561747],[99.81120610855452,19.100394474105546],[99.81121189322765,19.100343799247206],[99.81120757649586,19.100306006194238],[99.81120742093057,19.100274087602767],[99.8111880379369,19.100218682538568],[99.81116408014782,19.100178520660045],[99.81110996594457,19.100098224190365],[99.81105984544831,19.09998942829783],[99.81101188455203,19.099899774446357],[99.81095117158051,19.099824238874323],[99.81089276853054,19.09969989110217],[99.81073794941156,19.099585804372293],[99.81059045886575,19.099599205468625],[99.810461106535,19.09923876885503],[99.81031327690617,19.099219776642702],[99.81033291583701,19.099009514019325],[99.81036604243303,19.09881097763342],[99.81036222833376,19.098664165692888],[99.81030145218537,19.098568316185766],[99.81031374967321,19.099035620596815]],[[99.81729598399993,19.100615664882714],[99.81730573266591,19.100638721643065],[99.81717361812656,19.100766937259642],[99.81726781051132,19.10084137974924],[99.81729856713382,19.100857905425997],[99.81730745150946,19.100882858339073],[99.81730435714394,19.100910519439594],[99.8173032533542,19.10092036728546],[99.81726923511441,19.10097101079556],[99.81774883293403,19.10088212176583],[99.81777928147818,19.100974655036815],[99.81777615035908,19.100904468813187],[99.81785209581851,19.100818757804042],[99.81788926928486,19.100797075869163],[99.81792911176058,19.10077664777117],[99.81801820978592,19.100754735202358],[99.81810213149882,19.100763222321074],[99.81821936309527,19.10077662420909],[99.8182860699707,19.100804173181746],[99.81836079638326,19.100838014981687],[99.81841815238522,19.10085927696828],[99.81847009566293,19.100862843229432],[99.81853937204288,19.100871395230083],[99.8186219313052,19.100873559678206],[99.8186671426764,19.10085932201423],[99.81861553389047,19.100835008413746],[99.81839430136101,19.100799016412868],[99.81840219514795,19.100769216637016],[99.81824414759707,19.100731529400324],[99.8179471610302,19.100695228165833],[99.81786272038279,19.100739866599962],[99.81785944546142,19.100741598146115],[99.8176899942896,19.10070890965244],[99.81767436657725,19.10063004839537],[99.81767631074224,19.100629305970934],[99.81761844081718,19.1004924475209],[99.81761400881116,19.100494140822402],[99.81735125272162,19.100594545370445],[99.81729598399993,19.100615664882714]],[[99.82782491255793,19.117757864380682],[99.827814592767,19.117462098473172],[99.8277960680754,19.11733240937519],[99.82778632798642,19.11726421792589],[99.82778371859374,19.117245945454147],[99.8275319424649,19.116732097043876],[99.82746961205861,19.11653794636164],[99.82740798288778,19.1163459803127],[99.82737184173672,19.116233407468098],[99.82738136099456,19.11614548424333],[99.82746742547181,19.115997451836996],[99.82755161401639,19.115829732063542],[99.82756530444667,19.115815280262986],[99.82771676055992,19.115519972429755],[99.82767837875275,19.115473520429468],[99.82765275040514,19.11544250380745],[99.82763267278386,19.115401661782442],[99.8276037045598,19.11534273547077],[99.82759765775214,19.115330435523994],[99.82759437514132,19.11527869456604],[99.82758779539066,19.115174966008837],[99.8274686929854,19.114985428094084],[99.8272519737261,19.114583604618876],[99.82717853990533,19.114447449614406],[99.82704705699248,19.113923031386868],[99.8269191395318,19.113827965715824],[99.82677577490895,19.11382860972538],[99.82675392933716,19.113817201252154],[99.82648784005829,19.11381839622614],[99.82634955359417,19.11380887978484],[99.82548014531511,19.113860538628547],[99.82546179727574,19.11366472755922],[99.82545016779952,19.11364831550596],[99.82542125991236,19.11364021258577],[99.82534371652237,19.113633610070675],[99.8253209787902,19.113631673313424],[99.82526467586545,19.113483899713835],[99.82528423601624,19.11336506169928],[99.82519338296453,19.113335623068195],[99.82508533574439,19.11330061253872],[99.82478990246616,19.113228411068224],[99.8247525389265,19.113219279580605],[99.82428346489549,19.113047196526935],[99.82413726258216,19.112911641741395],[99.82413353601538,19.112887682796433],[99.82411058165324,19.112740119180433],[99.82411252563875,19.112740058410942],[99.82411431823417,19.112740002373936],[99.82411544442276,19.11273996716897],[99.82411544787016,19.112739967061206],[99.82411545830821,19.112739966734903],[99.82411596591324,19.112739950867027],[99.82411602797634,19.112739948926922],[99.82411614705937,19.112739945204353],[99.82411616897184,19.112739944519355],[99.8241161722627,19.11273994441649],[99.82411617251427,19.112739944408627],[99.82411617261435,19.112739944405497],[99.82411617267205,19.112739944403693],[99.82411617286249,19.11273994439774],[99.824116173567,19.112739944375715],[99.82411617438227,19.11273994435023],[99.8242600877875,19.11273544642408],[99.82426008775626,19.11273544552125],[99.82426008778302,19.112735445520414],[99.82425633049534,19.11262682873239],[99.82425632954556,19.11262682876208],[99.82425632954468,19.11262682873665],[99.82423994662463,19.112627340833615],[99.82420278821827,19.11262850226714],[99.82419995504301,19.112628590821345],[99.82419663813845,19.112628694495026],[99.82419523739968,19.112628738276715],[99.82419512279094,19.11262874185894],[99.82419510963892,19.112628742270026],[99.82419510754762,19.11262874233538],[99.82419510525494,19.112628742407047],[99.82419510520717,19.11262874240854],[99.82419510450312,19.112628742430545],[99.82419510338033,19.11262874246564],[99.82419510329643,19.11262874246826],[99.82419510325705,19.112628742469493],[99.82419510314081,19.11262874247313],[99.8241951028009,19.112628742483757],[99.82419510182409,19.112628742514282],[99.82419508376557,19.112628743078727],[99.82419503016334,19.112628744754122],[99.824194813461,19.1126287515274],[99.8241945554559,19.112628759591644],[99.82419288223245,19.11262881189013],[99.82412818085119,19.11263083419316],[99.82410428501356,19.112631581074467],[99.82409928362843,19.11263173739591],[99.82409763177961,19.112631789025446],[99.82409698172411,19.112631809343327],[99.82409656264721,19.112631822441834],[99.82409653560275,19.11263182328712],[99.82409652843869,19.112631823511038],[99.82409652726798,19.11263182354763],[99.8240965265074,19.1126318235714],[99.82409652642524,19.112631823573967],[99.82409652637801,19.11263182357544],[99.82409652633078,19.112631823576912],[99.82409652613217,19.112631823583133],[99.82409652576571,19.11263182359458],[99.82409652264735,19.112631823692045],[99.82409650992733,19.11263182408962],[99.82409647516006,19.112631825176294],[99.82409639562182,19.112631827662305],[99.82409624506433,19.11263183236807],[99.82409603635276,19.112631838891474],[99.82409374884318,19.112631910388945],[99.8240584861597,19.112546747011212],[99.82397483085555,19.11256304075739],[99.82397623749189,19.112364043641833],[99.82395563503187,19.111744037015317],[99.82362363763708,19.111396230862038],[99.82341075331625,19.111173207867864],[99.82333291245378,19.11073211275351],[99.82328030360671,19.110100812996492],[99.82326118636554,19.10987140431247],[99.82320317910771,19.109175307335935],[99.82320782406623,19.109124207628746],[99.82321268903982,19.109070694100854],[99.82327583170586,19.10861477786731],[99.82328746708178,19.108548774558244],[99.82331774603128,19.10838262386686],[99.82337109298292,19.108043532168],[99.82342768243826,19.107392862982337],[99.8229123751525,19.10720186133222],[99.822550295918,19.107034052646288],[99.82221203386956,19.106844532127877],[99.82180752654567,19.106511757610125],[99.82177623069002,19.10631802620846],[99.8217075779828,19.10589304141494],[99.82167854764084,19.10571333589744],[99.82164005986351,19.105501570073667],[99.82152371478196,19.104861416422906],[99.82152132382744,19.10479477400714],[99.82151364872547,19.104768466738967],[99.8213158973504,19.104090613720594],[99.82126317491314,19.103909893176976],[99.8214553585981,19.103887297832976],[99.82142453246699,19.103655441338287],[99.8212607856205,19.103665576330148],[99.82119218710582,19.103666559109485],[99.82121068811931,19.103729977497824],[99.82115503829502,19.10374983416477],[99.82110127191241,19.103741234747556],[99.8210455797974,19.103761125651033],[99.82098019703126,19.103701507264958],[99.82072409991318,19.103307832801672],[99.82050945722408,19.10293821926075],[99.82049014616668,19.10290409448967],[99.82040741530582,19.102672398509984],[99.82032181563399,19.102484082211728],[99.8202037817926,19.102224408534887],[99.82021429826227,19.10231905674699],[99.82040877621786,19.10268208226409],[99.81989016833626,19.102861974372992],[99.81946231683396,19.103069417525617],[99.81926135627985,19.10337409965604],[99.8191122565139,19.103704712180534],[99.81888536556572,19.104009394310957],[99.81858716603381,19.10445021101029],[99.81825007091079,19.104832684322943],[99.81793890618185,19.104955853694815],[99.81777684121887,19.10503364487705],[99.81759532846031,19.104955853694815],[99.81726147463654,19.104839166921472],[99.81683362313426,19.104994749285947],[99.81697624030168,19.105241088029686],[99.81634094564676,19.105993069457956],[99.8166626445982,19.106715068868063],[99.81673071188266,19.10684796213771],[99.81683443345896,19.10695168371403],[99.81695112023232,19.10692575331995],[99.81726390561089,19.1069443907907],[99.81739355758128,19.106996251578842],[99.81762693112799,19.107018940673665],[99.81773713530282,19.107028664571445],[99.81791540676211,19.107067560162566],[99.8180126457399,19.107161557841103],[99.81813257381252,19.10726852071667],[99.81822333019178,19.10744679217596],[99.81841780814737,19.107608857138953],[99.81858554538407,19.107740940083787],[99.8191398075575,19.108191480680894],[99.81956765905979,19.108547213274658],[99.81988449606244,19.109084458626974],[99.82020214338989,19.109259488786996],[99.8207823359574,19.109475845512595],[99.82119641193783,19.109899645390815],[99.82130337481341,19.110214051419003],[99.82142330288602,19.110628937724265],[99.82153350706086,19.11076183099392],[99.8217636393083,19.110933619854695],[99.821909497775,19.111121615211765],[99.8220456323439,19.111283680174736],[99.82223362770097,19.111675877385185],[99.82263797978364,19.11203971322709],[99.82273521876142,19.112133710905628],[99.82291997281924,19.112302258467118],[99.82313389857038,19.112431910437518],[99.82330244613189,19.112555079809393],[99.82356499137194,19.11269769697683],[99.82379836491864,19.11280141855314],[99.82389236259718,19.112960242216875],[99.82410628834832,19.113148237573935],[99.82446526224135,19.113400248591393],[99.8245819490147,19.11341645508769],[99.82477642697029,19.113448868080297],[99.8249838701229,19.113510452766228],[99.82510055689626,19.113591485247714],[99.82513621118812,19.11372761981663],[99.82534932661446,19.113862944060728],[99.82577960909119,19.113972337910752],[99.82652510792094,19.113897788027778],[99.82666772508837,19.114383982916742],[99.82692702902916,19.11470081991939],[99.82704047450325,19.114843437086822],[99.82732246753885,19.115153791490947],[99.82734839793294,19.115280202162083],[99.82736136312997,19.115383923738392],[99.82732895013737,19.115481162716183],[99.82729005454625,19.11559136689102],[99.8272706067507,19.115678881971036],[99.82721874596254,19.115785844846606],[99.8271733677729,19.115943858185524],[99.82729329584552,19.116650461424157],[99.82738405222479,19.117096950397183],[99.82747480860407,19.117689297836925],[99.82749425639962,19.11808716732106],[99.82750398029741,19.11859929260411],[99.82747804990332,19.11872246197598],[99.82744563691072,19.118763788541536],[99.82739701742183,19.11906522937271],[99.82735163923219,19.119615439922047],[99.82732570883812,19.11987474386284],[99.82734515663367,19.120143771701404],[99.82761094317297,19.120140530402146],[99.8280898451386,19.12020130476327],[99.82824866880235,19.12028557854402],[99.82835887297718,19.120447643507006],[99.82845287065571,19.120687499652234],[99.82850797274313,19.120875495009308],[99.8286635551076,19.12117612551565],[99.82882156844651,19.12149620381755],[99.82887667053393,19.12158047759831],[99.82896418561394,19.121658268780543],[99.82909383758434,19.12174902515982],[99.8292008004599,19.121839781539094],[99.82926886774436,19.12194026181614],[99.82928831553993,19.12203750079393],[99.82931748723325,19.122283029212866],[99.82934137480441,19.12232921186612],[99.82934205707042,19.122316055495236],[99.82934955330624,19.1222050794083],[99.82936115025348,19.12210938687997],[99.82936889458969,19.122048142895263],[99.82936870373442,19.12200988819482],[99.82935628611669,19.12194108271029],[99.82926735638755,19.12176596954144],[99.82920763918683,19.12171152705827],[99.82911455513808,19.121626600092604],[99.82900184144096,19.121523761979528],[99.82880806995804,19.121331226166294],[99.82874032254499,19.121154978959627],[99.82869736236,19.121090997464723],[99.82862985658092,19.120990460500423],[99.82853642990023,19.120578342209523],[99.82844120792036,19.120359712972224],[99.82840240789822,19.120270626447372],[99.82823656710005,19.120145837050934],[99.82821895520952,19.120128149024616],[99.82809136785937,19.120065355224664],[99.82808660738482,19.12005729953577],[99.82796949436023,19.119380370271795],[99.82796479082326,19.11932780525836],[99.82794712245241,19.119130361489116],[99.82791854314132,19.11903419096982],[99.82790276440541,19.119034261957125],[99.82789482572858,19.119024299330775],[99.82788684875979,19.11900683721661],[99.8278634090297,19.118861200391247],[99.82785194012266,19.118532504989858],[99.82784437693041,19.11831572843512],[99.82783239791806,19.117972391131595],[99.82782491255793,19.117757864380682]],[[99.82383391444232,19.10654214613575],[99.8236834820227,19.106534876671677],[99.82367687965899,19.10665833050298],[99.82376278473114,19.106662481781175],[99.8238273121904,19.106665599968174],[99.82382731219307,19.10666559991811],[99.82382731314104,19.106665599963925],[99.823827537843,19.10666139771584],[99.82383391444232,19.10654214613575]],[[99.83026961889082,19.123031769341882],[99.83027706073221,19.12302974858783],[99.83023180487665,19.12301321909231],[99.83026961889082,19.123031769341882]],[[99.83057997329495,19.12294749556113],[99.8322905689793,19.122383509489925],[99.83317463335241,19.122082068658756],[99.8334440296309,19.12197778625925],[99.83343269147124,19.121973550016918],[99.83271763459969,19.122213379356012],[99.8324251828868,19.122311466139678],[99.83032479563609,19.12301591024158],[99.83031106895271,19.12302051400751],[99.83057997329495,19.12294749556113]],[[99.83381965190512,19.122237651023223],[99.83386503009476,19.12229923570917],[99.83388910125049,19.12231271556283],[99.83380835323966,19.122198105707835],[99.83381965190512,19.122237651023223]],[[99.83426370990371,19.12264281343071],[99.83435446628297,19.122723845912205],[99.83443415491865,19.122747829871507],[99.83435299113039,19.122680193767632],[99.83421447714677,19.122586547445184],[99.83426370990371,19.12264281343071]],[[99.83476162842149,19.122882253678462],[99.83475701117932,19.122877038147642],[99.83473969390566,19.12283377257124],[99.83467129353721,19.12283408287726],[99.83464493256776,19.122834202459998],[99.83476162842149,19.122882253678462]],[[99.83643640244007,19.100538040069598],[99.8364449863212,19.10054746896751],[99.83644592794677,19.1005492747672],[99.83648810742352,19.100630203167675],[99.83649892130256,19.100650951402404],[99.83659493311603,19.100591378240377],[99.83684466004823,19.10049364645342],[99.8368820250617,19.100443410855412],[99.83688520654879,19.10043523976077],[99.83690107365419,19.100394493815614],[99.8369576580154,19.100356344375605],[99.83753544978127,19.100183689046474],[99.83767676258826,19.100127762708617],[99.83767667712745,19.100110782001824],[99.83756344830866,19.09988185650857],[99.83753456663152,19.099867438559524],[99.83752783556314,19.0998738988685],[99.83671472187251,19.10012206691137],[99.83666229787626,19.10013686158303],[99.83632420379594,19.100223084840252],[99.83634206001567,19.100273209651135],[99.83643640244007,19.100538040069598]],[[99.83739188204899,19.102956843628313],[99.83760005750783,19.102876921400643],[99.83765414360859,19.10296120943051],[99.83793221827231,19.102902784661506],[99.83767118295367,19.102548620012648],[99.83775306947604,19.10250515363165],[99.83786187125972,19.102447401352173],[99.83785539338145,19.102435816701654],[99.8380762439425,19.102339171491895],[99.83797070890675,19.102159848811784],[99.837537056274,19.102366640172],[99.8374954103513,19.10231013616203],[99.83711374882604,19.102457901963067],[99.837322131549,19.102831719759656],[99.83739188204899,19.102956843628313]],[[99.83728397647282,19.10155859953288],[99.83740855945476,19.101475049756033],[99.83742192471267,19.10146608680937],[99.8375387661302,19.101428707840668],[99.8374565452956,19.10131288446173],[99.83745023630655,19.101295175673876],[99.83745636679124,19.101277409417346],[99.83750286464249,19.101247634912568],[99.83750899511996,19.10122986865448],[99.83750581134645,19.101215101601305],[99.83737405350143,19.100988062237],[99.83734158806708,19.100929666591497],[99.83720492166026,19.100957740866242],[99.83710985041823,19.100867903277585],[99.83669985371291,19.101047578541777],[99.83682944681232,19.101233533294653],[99.83679382783308,19.10125085787386],[99.83669151567035,19.10131340569716],[99.83667919603006,19.101337111938996],[99.83668870351345,19.101372545511115],[99.83681473154074,19.101697170252205],[99.836836619129,19.101720721972587],[99.83685532204032,19.101729505725306],[99.8368802010654,19.10172939267199],[99.83699483737672,19.101696363542242],[99.83702615480392,19.101687340721618],[99.83705409766843,19.101678344981465],[99.83707899155166,19.10168118777893],[99.83709007330441,19.101688637068822],[99.83728397647282,19.10155859953288]],[[99.83889315891602,19.10201591825159],[99.83888122868215,19.10202403705346],[99.83877841583661,19.102080346570173],[99.83856451005083,19.102197498958375],[99.83851031959244,19.10223007944558],[99.83843199891662,19.102135745519167],[99.83821108411045,19.102344296192012],[99.83827166882097,19.10238801528517],[99.83821585945496,19.102493473267664],[99.8383512200702,19.102601886346424],[99.83832865745086,19.102632542546978],[99.83848674469688,19.102742816663916],[99.8385426792537,19.10266222374817],[99.8386295182716,19.102724950498818],[99.83880093962294,19.102546416776306],[99.838804201318,19.10255071396758],[99.83883073551014,19.102540966278248],[99.83905014592023,19.10274216276069],[99.83922756179966,19.102644883589125],[99.83907728207879,19.102375940420462],[99.83914230740847,19.102337278322548],[99.83889315891602,19.10201591825159]],[[99.82813782276476,19.105666257155008],[99.82792044269044,19.10572241003413],[99.82785612809757,19.10573902330805],[99.82775992493434,19.105763874245838],[99.82780264214784,19.105913308718204],[99.8281805393347,19.10581569153369],[99.82818053909384,19.105815690691088],[99.82818053933019,19.10581569063003],[99.82814200035084,19.105680871433222],[99.82813782276476,19.105666257155008]],[[99.83031010761535,19.113101559420098],[99.8301221728353,19.11288773998722],[99.83010468170343,19.112867839349487],[99.8299194020891,19.113254238181362],[99.8301692159454,19.11346055379707],[99.83022189656234,19.11352134638936],[99.83037012568015,19.113666982133946],[99.83061992535332,19.11401051318199],[99.83099376767088,19.114353483865106],[99.83109101552611,19.114434270457497],[99.8313195402818,19.114624110588686],[99.8315947498142,19.11487429974789],[99.83159751464352,19.114876813047413],[99.8316803313285,19.114965921448235],[99.83193328489845,19.115238093279387],[99.8320964449893,19.115427824759294],[99.83263597672713,19.11593085286001],[99.83306807765454,19.116333715297447],[99.83310976123039,19.116333526615723],[99.83334338644208,19.116609826885202],[99.83339723460357,19.116660527199528],[99.8335038953724,19.116720702900224],[99.83363001042753,19.11676702011902],[99.83367819482056,19.116786511152583],[99.83420711306849,19.11700045943028],[99.8342804167995,19.117030110393507],[99.83461450980516,19.117153123787404],[99.83466810280949,19.117152880736437],[99.83469779114482,19.117135765014435],[99.83473329344514,19.11709032052399],[99.8347293756086,19.117075364294887],[99.83468022133194,19.116887693815755],[99.83467258048258,19.116858520585296],[99.83458384337423,19.11681397751285],[99.83454005735099,19.11685179722398],[99.83447466145687,19.11696495541788],[99.8341792970432,19.116819992012715],[99.83349607567602,19.116501223221263],[99.83322592427763,19.116122061575844],[99.83271341263331,19.115643673930368],[99.83220105036071,19.115194545279923],[99.83191676409989,19.11487518600927],[99.83167478764535,19.11460335582025],[99.83166138162348,19.114592270380044],[99.83165938164666,19.114590615738074],[99.83134802113779,19.114333127333765],[99.83116049651188,19.114189944451244],[99.83114211415504,19.114175908327137],[99.83095072961184,19.114029777664527],[99.83074700849794,19.113742272571],[99.83049079084842,19.11350934521623],[99.83049741315352,19.113184315899705],[99.83031010761535,19.113101559420098]],[[99.83769847651305,19.10768293893188],[99.8376992645125,19.10748939475065],[99.83737478782247,19.107488199484703],[99.83727034730767,19.10748781505279],[99.83726955881362,19.10768136015492],[99.83733447248115,19.107681599024353],[99.83769847651305,19.10768293893188]],[[99.83856852871118,19.10826097896513],[99.83856638761512,19.10829243231242],[99.83859791987288,19.108366918316918],[99.83856711614216,19.10866894604586],[99.83855572190316,19.108780667659836],[99.83908195719758,19.108856079728177],[99.83921559668079,19.108875230500818],[99.83922171941285,19.108803709875342],[99.83939189080617,19.10875819661424],[99.83953594675717,19.108808800250916],[99.83965425976824,19.10890318751224],[99.83972450626172,19.10897121442818],[99.83984472083856,19.109046607523517],[99.8399007187712,19.109061540354297],[99.83996788072469,19.109095841750925],[99.83989845577372,19.10917080665233],[99.8398604901275,19.109138217795962],[99.83975001326019,19.109322282875276],[99.83975250258314,19.109328406611752],[99.83970315083836,19.109381696773212],[99.83978203366782,19.10940104534774],[99.83981017668421,19.109470269072887],[99.83992188332974,19.10952977021922],[99.84003696457631,19.109522184690118],[99.84005774896835,19.10947739017282],[99.84008312263224,19.109422704707573],[99.84037490845746,19.10954564009328],[99.84037732507254,19.109553869548193],[99.8403750502743,19.109552412438433],[99.84025005872013,19.10980361435425],[99.84030233274152,19.10985985582201],[99.84029158443974,19.109937565415564],[99.84032880761605,19.10995504530388],[99.8404079278834,19.109851215380036],[99.84053218763391,19.109688149997062],[99.84055015392732,19.109664573168192],[99.84052901257918,19.109651031397526],[99.84056447381093,19.10959010107854],[99.84057501230502,19.109501771049995],[99.84058661653671,19.109426725904683],[99.84058682870551,19.109361875027115],[99.84055431112348,19.10936202349501],[99.84027900375484,19.109095418356013],[99.84022407880637,19.109042228950152],[99.84018474299859,19.109004135767414],[99.84011705106909,19.109042685746157],[99.8399568187377,19.108937711469427],[99.83977636004771,19.108819486453587],[99.83984390014824,19.108734479044372],[99.83955119402167,19.108566938622154],[99.83951766322909,19.10855240127998],[99.83950119032292,19.108545258691873],[99.83925305465247,19.108437678922407],[99.83912329959036,19.10840244571762],[99.83880994296318,19.108163772758402],[99.83882341382925,19.10811148803557],[99.83879917012155,19.108056540924334],[99.83878736617619,19.107958787800616],[99.83856679722776,19.107666800026227],[99.8384541777487,19.107743674009402],[99.83863001336572,19.10797644367397],[99.83862502341744,19.107979494226054],[99.83859406403556,19.107999344479673],[99.83845064447245,19.10818362573979],[99.83856852871118,19.10826097896513]],[[99.83867894105508,19.119491124590166],[99.83863874261174,19.119265679592996],[99.83834559370707,19.119312905114487],[99.83834559386382,19.11931290599362],[99.83834559371164,19.119312906018145],[99.83838579176968,19.119538350189302],[99.83867894105508,19.119491124590166]],[[99.84014547492694,19.112247828194015],[99.84004108047466,19.112498019950685],[99.84005264862168,19.112502670269254],[99.84017131714027,19.11255839582804],[99.84027150291656,19.112655665683686],[99.840309306386,19.112738413123555],[99.8403505694101,19.112889257623138],[99.84042261228245,19.112965925860482],[99.84052242431709,19.112989161551468],[99.84064398420489,19.113000452153685],[99.84073771520892,19.113053329782986],[99.84077259822863,19.113174589022655],[99.84089276343711,19.113266488347993],[99.84099601484006,19.113305351960896],[99.84103205148038,19.113346647306173],[99.84105735648309,19.113422048104017],[99.84106101848158,19.113530123501317],[99.84103787764775,19.113574650659903],[99.84101187597648,19.113669535166323],[99.8409920002546,19.113743661682868],[99.84096896419358,19.11380891835188],[99.84098647325627,19.113882874058625],[99.84103501656065,19.113932996538107],[99.84109694806344,19.11393009651757],[99.84111939695043,19.113947552390854],[99.84116251057154,19.113981528993442],[99.84121253775211,19.11400028571224],[99.84128453945763,19.114019891249015],[99.84133653989895,19.114033892577844],[99.84142851410097,19.114053406764196],[99.84148166687862,19.114097779334998],[99.84153481968448,19.114142151889137],[99.84157294031768,19.114176151218093],[99.84161126187374,19.114217621131175],[99.84164868422695,19.11422485358615],[99.84169416057014,19.114252012944068],[99.84170250507643,19.114322220556396],[99.841700892162,19.114398169305424],[99.84167695318867,19.114437796659224],[99.84159708314894,19.114408136659566],[99.84148915474044,19.114393441841308],[99.84141930858702,19.114405152355957],[99.8413256202606,19.114441652774087],[99.84128367451164,19.114441844499215],[99.8410433936826,19.1143433635211],[99.8407522850018,19.114601230269617],[99.84060335462402,19.114523592126204],[99.84041724880917,19.114692637698706],[99.84022045534685,19.114575182022218],[99.84020138428603,19.114894854787863],[99.84018595404025,19.115007287049533],[99.8403066362444,19.11473036080539],[99.84056189711245,19.114766092526963],[99.84060044819938,19.114734781965105],[99.84070834154555,19.11474893061245],[99.84133094564972,19.1148305744326],[99.84137088143218,19.114830392785098],[99.84138401562433,19.114811299431096],[99.84144488983537,19.114751441506407],[99.84208449291798,19.11489623283968],[99.8421225500418,19.114960615821758],[99.84212245118276,19.114961079798427],[99.84218921409494,19.11498637969273],[99.84225694156821,19.114994585200108],[99.84220429193462,19.11566304643702],[99.84329835656993,19.11515163293778],[99.84341353712044,19.11513333661383],[99.84360079297964,19.115197629815174],[99.84375075402522,19.1152798623492],[99.84384465255873,19.115365313223847],[99.84387327746263,19.115480677593442],[99.843889756266,19.115658287589557],[99.84393431911982,19.115844653083556],[99.84398813822123,19.116013207559707],[99.84423631189574,19.11587063109555],[99.84420055397895,19.115796949773248],[99.84398478582686,19.115306783972187],[99.84384550352655,19.115156940939162],[99.84344609540153,19.114874528215932],[99.84345465872883,19.114833873835657],[99.8434545218357,19.11483385740797],[99.84333717513363,19.1148197753223],[99.84311930611355,19.114862233421057],[99.84290771283868,19.114913546805123],[99.84282436143899,19.11496457596815],[99.842794467482,19.11502209653533],[99.84269637053889,19.115022545695176],[99.84264340299957,19.114994096356583],[99.84229516194586,19.114773328095946],[99.84220806450828,19.114669623465087],[99.8422080638693,19.114669622704252],[99.84220805438622,19.1146696188599],[99.84191537648624,19.114550969630567],[99.8418498787263,19.11451904474492],[99.84185502644597,19.114465811628573],[99.84186446491769,19.11435755200603],[99.84184790070243,19.114241817175333],[99.84184545178555,19.11415259726337],[99.84179901539618,19.11405408585613],[99.84175350642907,19.114006709316346],[99.84171440651959,19.113975793131065],[99.84167355409521,19.11390638639041],[99.8416390224226,19.113854719304122],[99.8415906438042,19.113837171941633],[99.8415062957519,19.113791655448587],[99.84139563165549,19.11377883491851],[99.84132715279446,19.113790993644635],[99.84126013425669,19.113783896389343],[99.84122096708504,19.11373965397488],[99.84121595697177,19.11367304474085],[99.84124520873132,19.11360479820833],[99.84127596573741,19.113526179793585],[99.84128482508753,19.113429892889545],[99.84127987488058,19.113375129094283],[99.84125314690023,19.11332638768661],[99.84120612396752,19.11326885473908],[99.84114041622342,19.113212887876156],[99.84108091683561,19.113152450477674],[99.84105278100802,19.11313332975277],[99.84102612052021,19.113097914426536],[99.84101347179417,19.11306095436355],[99.84100246193283,19.113052534307005],[99.84101164963496,19.113034614745445],[99.840896150733,19.11296376321828],[99.84085821217828,19.112854363672824],[99.84082064794208,19.112818998121234],[99.84070847923105,19.112816549026036],[99.84056205628687,19.11281721771362],[99.84045915889877,19.112799918985313],[99.84043405628066,19.112764496452964],[99.84040243861335,19.1126728365133],[99.84035513935962,19.112560518154737],[99.84033307736927,19.11251027457976],[99.84030450038004,19.112403793591238],[99.84027613287785,19.112338771646293],[99.84023537870995,19.112288613381065],[99.84021690925078,19.112267750217732],[99.84014547492694,19.112247828194015]],[[99.84261549564881,19.12102509090583],[99.84258502298499,19.121021589233205],[99.84253339621009,19.12101565649645],[99.84251190802148,19.12101318743031],[99.84249922616556,19.121011730127012],[99.84249922615128,19.121011730238962],[99.84249922521484,19.121011730131364],[99.8424991420391,19.121012389294545],[99.84243436482477,19.121004071096014],[99.8424234433941,19.121080912165784],[99.8424893498867,19.121089375207426],[99.84246351085922,19.121292529505084],[99.84257978053793,19.121305890298654],[99.84260139070861,19.121135986881715],[99.84261549564881,19.12102509090583]],[[99.84156067583845,19.118160308274565],[99.84154282114466,19.117273417179124],[99.84134190745922,19.11727005775702],[99.84130393817175,19.11764812592827],[99.8412076784669,19.11766833665986],[99.8412010220464,19.118158899964182],[99.84156067583845,19.118160308274565]],[[99.86859231036435,19.051676997111887],[99.86858223415588,19.051996557105568],[99.86862218308495,19.051751869408626],[99.86884699721679,19.05155917179815],[99.86883216650958,19.05156193098816],[99.86859231036435,19.051676997111887]],[[99.86801855671276,19.053076182669905],[99.86880381045009,19.05295839404848],[99.86880336730432,19.052954627321427],[99.86848696813841,19.0529735168158],[99.86801855671276,19.053076182669905]],[[99.86776593979215,19.053114074647166],[99.86777626424777,19.053112526008814],[99.86776593978787,19.052913411776252],[99.86776593979215,19.053114074647166]],[[99.86760533473975,19.052234500584568],[99.86746647386192,19.052364143175208],[99.86758431242701,19.052257831354375],[99.86775612823251,19.05272418862536],[99.8677544345057,19.052691523780197],[99.86760533473975,19.052234500584568]],[[99.8663907611704,19.053334622161977],[99.86670289353194,19.053053026531348],[99.86637049206759,19.05329757880188],[99.8663907611704,19.053334622161977]],[[99.86552442061496,19.051694824257815],[99.86546753077813,19.051669359347496],[99.86584587907498,19.05188160324088],[99.86594052458533,19.05231114923034],[99.86592310042391,19.051915232607477],[99.86552442061496,19.051694824257815]],[[99.8647902663326,19.051484139805922],[99.86473888578317,19.051490643702284],[99.86475611488414,19.05149240174415],[99.8652528553917,19.051573266565644],[99.86518408419268,19.051542483192605],[99.8647902663326,19.051484139805922]],[[99.86380815265689,19.05109194259548],[99.8633584223846,19.050604127056882],[99.86317149183077,19.050548222690487],[99.86332904272949,19.05059723830168],[99.86412041910616,19.051427534828026],[99.86422167025101,19.051437866728172],[99.8641387651814,19.051383659528863],[99.86380815265689,19.05109194259548]],[[99.86209431567327,19.050263790634613],[99.8618987765233,19.05003838424141],[99.86203170440707,19.05025993033785],[99.86272059229893,19.05041023320196],[99.86255133886891,19.05035778831315],[99.86209431567327,19.050263790634613]],[[99.86122818390649,19.04957466699954],[99.86138303524586,19.049753968392107],[99.86143225590307,19.049760757494],[99.8614176944528,19.049755716975636],[99.86122818390649,19.04957466699954]],[[99.86077672752417,19.049399984381875],[99.86058224956858,19.049040200164033],[99.86032942822632,19.048583176968407],[99.86027108483964,19.04814722221796],[99.86043639110189,19.047521651460823],[99.86077348622491,19.04731420830819],[99.86072243576157,19.047191849261143],[99.86013576059554,19.047379844618206],[99.86002231512145,19.04703626689667],[99.85981163066957,19.046433385234344],[99.85954584413027,19.04608008361503],[99.8591471643213,19.04570085160163],[99.85905316664277,19.045992568535016],[99.85881331049755,19.046284285468396],[99.85887165388422,19.046627863189933],[99.85865124553456,19.046796410751448],[99.85849890446934,19.046857995437374],[99.85840490679081,19.04673644671513],[99.85833035690784,19.046866098685527],[99.85807105296705,19.04683044439367],[99.85774692304108,19.04675913580995],[99.8572121086632,19.046872581284045],[99.85685232444537,19.04704761144407],[99.85691390913131,19.04718374601298],[99.85740010402027,19.047034646247027],[99.85790898800407,19.046995750655913],[99.8583498047034,19.047135126524093],[99.85852483486343,19.047290708888557],[99.85903047754795,19.047572701924157],[99.85921685225539,19.047827954240876],[99.85940808891172,19.04813587767055],[99.85943726060506,19.04846649019505],[99.85938864111615,19.048813309215852],[99.8594388476136,19.048913274122583],[99.86029327105503,19.048625284051607],[99.860812206384,19.049481527344398],[99.86111789321976,19.049469299886436],[99.8610546689357,19.049408897954837],[99.86077672752417,19.049399984381875]],[[99.86200413596768,19.05168213747378],[99.86143330710583,19.0510464416958],[99.86097923869298,19.050423719301037],[99.86076169980926,19.050252796101518],[99.86198569979737,19.051699978986502],[99.86200413596768,19.05168213747378]],[[99.86156572047436,19.0521166397439],[99.86160196108774,19.05207133897051],[99.86168007747574,19.051995742672027],[99.861570035518,19.052056229125284],[99.86156572047436,19.0521166397439]],[[99.86173237806679,19.052166591163477],[99.86156415518101,19.052138553845985],[99.86156355291948,19.052146985504553],[99.86173237806679,19.052166591163477]],[[99.86224982678019,19.053086534796886],[99.86226360363217,19.05307677617038],[99.86209494965026,19.052227019569198],[99.86207000419786,19.052222862031382],[99.8621988475744,19.05278065950984],[99.86224982678019,19.053086534796886]],[[99.86159596591209,19.053542364835888],[99.86164134410171,19.05372387759444],[99.86166611606137,19.053734859007047],[99.86162790785419,19.053543817966457],[99.8619522424348,19.053297323685197],[99.86213728440555,19.05316625242045],[99.86168996359062,19.05337705857364],[99.86159596591209,19.053542364835888]],[[99.86196521581802,19.053894099313517],[99.86196086086862,19.053891827171686],[99.86197072225245,19.05394696130528],[99.86196521581802,19.053894099313517]],[[99.86203621274862,19.055176940979027],[99.86203008273414,19.05511359733658],[99.86203008273414,19.054516821708265],[99.86199589041287,19.054188576133694],[99.86203030001289,19.055154911217645],[99.86203621274862,19.055176940979027]],[[99.86206900288381,19.055515772216534],[99.8620672354668,19.05549750895943],[99.86187782752336,19.055402805046683],[99.86206900288381,19.055515772216534]],[[99.86167582756039,19.05535738122562],[99.86168929714195,19.055356098405717],[99.86176919562189,19.05534848899066],[99.86174182437877,19.055334803326566],[99.86167582756039,19.05535738122562]],[[99.86152680987436,19.05557667757875],[99.86151419445078,19.055412676737348],[99.86149548563503,19.055419077107317],[99.86152680987436,19.05557667757875]],[[99.86104170373865,19.056655632774934],[99.86104818633717,19.057125621167607],[99.86110328842459,19.057537266173597],[99.86127134430293,19.05775504065989],[99.86113491929167,19.05751367323306],[99.86110965722575,19.056326356600376],[99.86107087543199,19.056329882199325],[99.86104170373865,19.056655632774934]],[[99.86116527045311,19.05812626890425],[99.86135546680647,19.05803909525364],[99.86134802321902,19.058006529601535],[99.86123699201906,19.05805749470479],[99.86116527045311,19.05812626890425]],[[99.86091286209307,19.058689548060453],[99.86082223930764,19.05873752490166],[99.86092734516008,19.058700737798066],[99.860742637408,19.058343636192447],[99.86071838413748,19.058349211638173],[99.86091286209307,19.058689548060453]],[[99.860886931699,19.059303774270184],[99.86094931179572,19.059647940734052],[99.86096626530976,19.059569954474085],[99.86087545162718,19.059258593276716],[99.86067784157515,19.058813970728725],[99.860637351656,19.058835406527148],[99.860886931699,19.059303774270184]],[[99.85979461384845,19.0605354679889],[99.85858236792528,19.060503054996303],[99.85829713359043,19.060793151280063],[99.85861478091789,19.061091350811957],[99.8590004955298,19.06094873364453],[99.85956124030174,19.061172383293457],[99.85977840735215,19.060974664038614],[99.8604590801967,19.061268811946444],[99.86047327674609,19.06132538656492],[99.86047327674723,19.06128244105969],[99.86079761132784,19.06089323956295],[99.86082355809428,19.060581878365582],[99.86065490411237,19.060309437317873],[99.86084771930588,19.059964399821776],[99.8605887321671,19.060240509756262],[99.85979461384845,19.0605354679889]],[[99.86069382426204,19.06199597713701],[99.86058227600435,19.06175975767806],[99.86065338980616,19.06204315071827],[99.86069382426204,19.06199597713701]],[[99.85953936153174,19.062163410542144],[99.85905964924129,19.0622152713303],[99.8588651712857,19.06216341054214],[99.85879062140273,19.06195353641507],[99.85849890446934,19.061901675626917],[99.858220152733,19.0618303670432],[99.85809131108742,19.061578356025745],[99.85776393986218,19.061286639092373],[99.85741387954214,19.06089525220674],[99.85729719276878,19.060661878660035],[99.85738794914805,19.06038960952221],[99.85737822525027,19.059858036443607],[99.85648686795383,19.05970488505359],[99.8565614178368,19.06013273655588],[99.85706381922208,19.060900924480457],[99.85655493523828,19.061343361829415],[99.8568272043761,19.061712869945033],[99.85638638767678,19.062095343257692],[99.85666189811386,19.062299545111056],[99.8569406498502,19.062212030031038],[99.85712864520727,19.062403266687358],[99.85762456399402,19.06205320636731],[99.85814641317485,19.061816591521342],[99.85808806978817,19.062017552075453],[99.85828632121864,19.062681054887495],[99.85862294796492,19.062503560755683],[99.85903160953649,19.062943034112394],[99.85917431675195,19.06318952839366],[99.8596802786977,19.063410075908457],[99.85980708707153,19.06366791985173],[99.85973379390346,19.063410075908454],[99.85992839465182,19.06312466147752],[99.85963000683766,19.0622554448015],[99.86030462276533,19.062216524651816],[99.86034146840996,19.062210383731767],[99.86013251929629,19.062163410542148],[99.85953936153174,19.062163410542144]],[[99.85768886437278,19.063294937132362],[99.85783083954716,19.063146581610344],[99.8573725132745,19.06351111050762],[99.85768886437278,19.063294937132362]],[[99.85729966287606,19.063560891488446],[99.85730851570368,19.06355484207447],[99.85721107623698,19.063546369167305],[99.85729966287606,19.063560891488446]],[[99.8568490098688,19.06353999645386],[99.85687732174128,19.063517346947137],[99.85686934126649,19.063516652983107],[99.8568490098688,19.06353999645386]],[[99.85687797419077,19.06369977307677],[99.85678656724264,19.063611689829358],[99.85678182618646,19.06361713326016],[99.85687797419077,19.06369977307677]],[[99.8571245935832,19.065839854227573],[99.85693207649659,19.065946917684386],[99.8575915639986,19.065617172729482],[99.85796130542049,19.065020397101176],[99.85795279360818,19.065010833318766],[99.85759539230068,19.06560972198013],[99.8571245935832,19.065839854227573]],[[99.85581856946857,19.066213784218952],[99.8563558492465,19.066127999693933],[99.85643782709236,19.066151421950018],[99.85636937085566,19.0660959168691],[99.85581856946857,19.066213784218952]],[[99.85554178495413,19.06603448576526],[99.85554300693644,19.066040770254048],[99.85555004697675,19.06607697621306],[99.85554283954441,19.06603433218316],[99.85554178495413,19.06603448576526]],[[99.85485091038232,19.0657830253903],[99.85485093679249,19.0657842050385],[99.8552336515976,19.066115026310715],[99.85543920251166,19.066049425022246],[99.85520898572065,19.066082951672062],[99.85485091038232,19.0657830253903]],[[99.85459638016056,19.064880429646674],[99.85437921311015,19.065172146580053],[99.85417176995752,19.065460622214182],[99.85418442622795,19.065473430999514],[99.85458173909059,19.06490850167087],[99.85484120675507,19.06534959670049],[99.85484618992488,19.06557217884456],[99.85486864929838,19.065308281148965],[99.85459638016056,19.064880429646674]],[[99.85460411596151,19.066098141926815],[99.85448443871641,19.06575825827205],[99.85438838521314,19.065679847396165],[99.85444079779609,19.065732891351995],[99.85460411596151,19.066098141926815]],[[99.85418401152205,19.067102080336973],[99.85464660600671,19.0662188133765],[99.85464386731091,19.066211035504338],[99.85424794049014,19.066910293308123],[99.85418401152205,19.067102080336973]],[[99.85356746030806,19.067682519578895],[99.85372560759697,19.06763639345099],[99.85388798899595,19.067589032212748],[99.85363857622929,19.067642826940837],[99.85356746030806,19.067682519578895]],[[99.85290272868332,19.067408070414462],[99.8532487239643,19.067514530026028],[99.85333953764687,19.06762480378342],[99.85335740452756,19.067633554919336],[99.8532536719422,19.067513985295264],[99.85290272868332,19.067408070414462]],[[99.85145696326838,19.066766351897858],[99.85188327537996,19.066995594697058],[99.85248978104569,19.067281009127985],[99.85252222034326,19.06729099052865],[99.85168812439971,19.066881931939605],[99.85145696326838,19.066766351897858]],[[99.8506767507401,19.066366385610678],[99.85077848011635,19.066417250481226],[99.85060189453824,19.066317441277285],[99.8506767507401,19.066366385610678]],[[99.84953914299045,19.065285592054142],[99.84965258846454,19.065019805514844],[99.84978872303346,19.06456602361847],[99.8493900432245,19.064634090902924],[99.84921825436373,19.064653538698487],[99.8489078999596,19.06419489485323],[99.84863887212104,19.063932349613186],[99.84836336168395,19.06403282989024],[99.84826288140691,19.063980969102083],[99.84796144057574,19.06366980437314],[99.84795576830204,19.06264393315742],[99.84788121841906,19.062514281187024],[99.84769322301781,19.06225173593299],[99.84781639243387,19.0619762255099],[99.84787149452129,19.06179795405061],[99.8476446035731,19.06165533688318],[99.84752791679975,19.061619682591314],[99.84750198640566,19.06146410022685],[99.84727833675674,19.061402515540912],[99.84719082167673,19.06148678932167],[99.84718758037747,19.061577545700946],[99.84714220218783,19.061681267277258],[99.84700930891817,19.06190491692619],[99.84684076135667,19.0620523960425],[99.84684400265593,19.062259839195132],[99.84672731588257,19.06244135195368],[99.84660090521145,19.062545073529996],[99.8464680119418,19.062489971442574],[99.84624760359213,19.06234735427514],[99.84599802354913,19.062817342667817],[99.84611146902324,19.06290161644857],[99.8462443622929,19.06302478582044],[99.8463156708766,19.063112300900453],[99.84622167319807,19.063361880943464],[99.84632863607364,19.063481809016082],[99.84645504674478,19.063465602519777],[99.84652959662775,19.06352718720571],[99.84651663143072,19.0637378716576],[99.84652959662775,19.063880488825028],[99.84651339013145,19.06407820807988],[99.84635456646772,19.064295375130282],[99.84636104906622,19.064420165151798],[99.84644046089808,19.06450605958218],[99.84663169755441,19.06452712802736],[99.84682131356111,19.064528748677],[99.84710006529745,19.064598436611078],[99.84739907515416,19.064739027966475],[99.84743635009565,19.064852473440563],[99.84754979556975,19.06497564281244],[99.84773779092681,19.065110156731723],[99.84790471783869,19.06529653143916],[99.84793713083128,19.06544076925622],[99.84778722074053,19.065876724006664],[99.8479654921998,19.066512018661584],[99.84783584022942,19.066891250674978],[99.8479811319006,19.06696943993768],[99.84786476992629,19.066883699266757],[99.84804639729143,19.066468551003577],[99.84968428692346,19.065568522542396],[99.84973553959799,19.06561443650015],[99.84965907106306,19.065531930797892],[99.84953914299045,19.065285592054142]],[[99.848691543234,19.06750223558545],[99.84874664532141,19.067706437438815],[99.84875139373949,19.067706605228864],[99.84868857976102,19.06748047489506],[99.84849728692058,19.06734544481098],[99.84857971840954,19.067421203103954],[99.848691543234,19.06750223558545]],[[99.84899083884012,19.067846544962386],[99.84886372043455,19.067707509101492],[99.84883116634995,19.067709424054545],[99.84886130628273,19.067710489062897],[99.84899083884012,19.067846544962386]],[[99.84909954177832,19.06834092176892],[99.84910889391004,19.068341389379405],[99.84906480787453,19.068064277140156],[99.84906874868658,19.067985460912983],[99.8490330951435,19.068062170032583],[99.84909954177832,19.06834092176892]],[[99.84928326322836,19.06842362676064],[99.84927509438187,19.068402750812698],[99.84926848047498,19.068385848596282],[99.84927295128873,19.06840979937819],[99.84928326322836,19.06842362676064]],[[99.84948849768949,19.068675585917497],[99.84951301990937,19.068721041764906],[99.84947346944608,19.068518345553],[99.84941215695852,19.06851579088179],[99.84946094664579,19.068523244852283],[99.84948849768949,19.068675585917497]],[[99.84960148787653,19.068781254930983],[99.84954668589894,19.068783447000452],[99.84955494432432,19.068798755289368],[99.84960148787653,19.068781254930983]],[[99.85006375838279,19.06904376757358],[99.84991366756189,19.06915747279893],[99.8500645055398,19.06905404101041],[99.85006375838279,19.06904376757358]],[[99.85006990574422,19.06950333271597],[99.8501444556272,19.069701051970814],[99.85036755148177,19.069654357526264],[99.85014159868213,19.069679463351566],[99.85008970514923,19.069400535612246],[99.85007348623733,19.06917752580779],[99.85006990574422,19.069229442928517],[99.85006990574422,19.06950333271597]],[[99.85058070097787,19.069915832042856],[99.85043349980468,19.069647029893513],[99.85042611877023,19.069647850014274],[99.85057554842875,19.069911736422707],[99.85058070097787,19.069915832042856]],[[99.8510671920203,19.07024517200358],[99.85106276434686,19.070233856848013],[99.85104927127882,19.070199374582298],[99.85106498461698,19.070245590246465],[99.8510671920203,19.07024517200358]],[[99.85190448112526,19.071004054273256],[99.85207075981239,19.070972706762564],[99.85191246549223,19.07097518000108],[99.85156867083678,19.070274617306975],[99.85150385948634,19.07024835756572],[99.85156738600224,19.07027800323906],[99.85190448112526,19.071004054273256]],[[99.8523276137554,19.07096869330946],[99.85229023443345,19.070969277399648],[99.85215552841383,19.071522455958913],[99.8523276137554,19.07096869330946]],[[99.8136777341211,19.100630581513055],[99.81330729494863,19.100815801851336],[99.81295532405726,19.100991786953895],[99.8132941243426,19.101035502240098],[99.8136777341211,19.100630581513055]],[[99.81412892703578,19.100927079711333],[99.8141985195196,19.100806519403932],[99.8141985192638,19.10064051399517],[99.8141742974027,19.10061444398521],[99.81413141051004,19.10058416306516],[99.81406710550623,19.10054381846443],[99.81405233551318,19.100522967018534],[99.81393421361398,19.100537216134413],[99.81413427418612,19.1009523430596],[99.81412892703578,19.100927079711333]],[[99.81477215680508,19.102169956981033],[99.81475919160803,19.102364434936618],[99.81484994798731,19.102520017301092],[99.81494683800265,19.102565370156945],[99.81477053436022,19.102239886815028],[99.8149337753565,19.10184627697713],[99.81508530719624,19.10187996814896],[99.81532597599389,19.101576745390073],[99.815406780616,19.10147289474234],[99.81570027390599,19.10106793937427],[99.81588610743083,19.10083042273737],[99.81599449887678,19.100869223823807],[99.81612982472979,19.100704121257866],[99.81616418000272,19.10054682812019],[99.81612234989295,19.10044388976843],[99.8158455282694,19.10010507241393],[99.81562515417572,19.10034619496958],[99.8149524315697,19.101047641146906],[99.81437614211018,19.101446986382363],[99.81417370437285,19.101018292371208],[99.81415071920539,19.100986466468996],[99.81439616609094,19.101495766734995],[99.81477215680508,19.102169956981033]],[[99.81531669508072,19.102500569505537],[99.81536552966674,19.102432201230087],[99.81527249424387,19.10247798894539],[99.81522047755351,19.10254352590511],[99.81496450504663,19.102573639843875],[99.81515463011773,19.102662634468516],[99.81531669508072,19.102500569505537]],[[99.81620805237716,19.102280161155864],[99.81646735631794,19.102007892018047],[99.81689520782024,19.101774518471338],[99.81740733310329,19.101748588077257],[99.81798428437153,19.10176803587282],[99.8185677182383,19.101813414062455],[99.81960493400143,19.102033822412125],[99.81963743527649,19.101589638489372],[99.81956624123566,19.10190080967028],[99.81936781950493,19.10188892489103],[99.81910415178228,19.101844919815225],[99.81892891972998,19.101821636923727],[99.81840299150569,19.1017570672188],[99.8182303931118,19.101744084318266],[99.81794730415817,19.10174239544929],[99.81774786884436,19.10173444193636],[99.81755464913763,19.101729898070072],[99.81736179744344,19.101739653551046],[99.81731029006285,19.10172558095971],[99.81711550139403,19.101717115073512],[99.81700174150534,19.10172835685933],[99.81677950961421,19.101749834581597],[99.8162528799106,19.102043570229664],[99.81619977654674,19.102117342605123],[99.81618449646906,19.102161606194834],[99.81609495682355,19.102231734264134],[99.8160858802583,19.102276952486363],[99.81610001282719,19.10231470188105],[99.81629104801763,19.10261094965944],[99.81628827725962,19.102851242019263],[99.81635391084386,19.10281173423447],[99.81620805237716,19.102280161155864]],[[99.819942644276,19.101649904381432],[99.81992091283786,19.101602094876252],[99.81974091304966,19.101540631230915],[99.8199225813289,19.10161245350835],[99.819942644276,19.101649904381432]],[[99.81589192291813,19.099743386948344],[99.81594991675617,19.09995163035038],[99.81608192725105,19.099830235268822],[99.81608180470805,19.099805241656345],[99.81608602354733,19.099771898627438],[99.81612636625732,19.09970185046004],[99.81614209238256,19.099684242032016],[99.81617457061189,19.099633185330806],[99.81623426223094,19.09956870119745],[99.81628764012326,19.09949809553887],[99.81641832350569,19.09910504207073],[99.8158732089031,19.098958846864207],[99.81493317453578,19.098893208559478],[99.8150628598652,19.099002653144172],[99.815119084645,19.099053706844774],[99.81507229421635,19.099128363896252],[99.81487232418239,19.099595138883583],[99.81501507865572,19.099603551340817],[99.81513994491509,19.09961378606702],[99.8153625046806,19.099612800947522],[99.81544217553709,19.09961244823389],[99.81552194759708,19.09963275150167],[99.81589192291813,19.099743386948344]],[[99.8145027954917,19.097649176771736],[99.81450642180245,19.097655541668992],[99.81451715976321,19.097674383951315],[99.81456342465246,19.09769403517018],[99.81456730731516,19.097689651385757],[99.81457883545997,19.09769688412067],[99.81458787751961,19.09768385905879],[99.81470385253407,19.097516803903535],[99.81472956370015,19.09749997107439],[99.81474951110644,19.09745103496082],[99.81476135665199,19.097433971566158],[99.81472619727788,19.097411912652714],[99.81457527705533,19.09731722489266],[99.81453097394764,19.0973810403553],[99.8145267145112,19.09738069138981],[99.81450279984944,19.09739905341836],[99.8144883849462,19.0974101213521],[99.81443635454727,19.097486020721153],[99.81441057011155,19.09754986633308],[99.81441205656363,19.097552334055433],[99.81439275473171,19.09758013727643],[99.81442707976669,19.097601673093013],[99.81442891302454,19.097612073651877],[99.814485017941,19.097638023457773],[99.8145027954917,19.097649176771736]],[[99.81301421686894,19.098662203717403],[99.81268124988459,19.098629255303095],[99.81266316849619,19.098794387185862],[99.81299613580998,19.09882733562017],[99.81301421686894,19.098662203717403]],[[99.81280612540141,19.09853736400437],[99.81280612617275,19.098537364123086],[99.81283861411612,19.09834659882829],[99.8126643515424,19.098319778195332],[99.81266435151743,19.098319778341992],[99.8126643505918,19.098319778199528],[99.81263186245143,19.098510543471342],[99.81280612522659,19.098537365030946],[99.81280612540141,19.09853736400437]],[[99.81848186449764,19.097890466668982],[99.81835840136527,19.09775546831185],[99.81824277698178,19.097872641996727],[99.81834738365772,19.097975113050847],[99.81848186449764,19.097890466668982]],[[99.81375547751145,19.099609394623958],[99.81366295638392,19.09959382529151],[99.8136439599249,19.09969583874951],[99.81373648111257,19.09971140899297],[99.81375547751145,19.099609394623958]],[[99.8260783500172,19.108987732743117],[99.82607835115617,19.108987732376534],[99.82603454814283,19.10886475502694],[99.82589273164042,19.1089103992264],[99.82589273192967,19.108910400038408],[99.82589273164491,19.10891040013006],[99.82593653456824,19.109033377516297],[99.82607835021003,19.108987733284476],[99.8260783500172,19.108987732743117]],[[99.82635937318537,19.108899426615352],[99.82635937291184,19.108899425792504],[99.82635937318088,19.108899425711684],[99.82632101792686,19.10878404384323],[99.82611522347753,19.108845861202486],[99.82615357860661,19.108961243117886],[99.82635937318537,19.108899426615352]],[[99.82690089790665,19.108774205395438],[99.82686625144093,19.108651867607268],[99.82686625055341,19.108651867834404],[99.8268662504903,19.108651867611545],[99.82642397427922,19.108765049881697],[99.82645862044569,19.1088873868593],[99.82690089790665,19.108774205395438]],[[99.82540728451616,19.108743134715816],[99.82540728473069,19.1087431346661],[99.82536889789797,19.1085934633382],[99.82518250706906,19.108636659019904],[99.82522089375175,19.10878633129555],[99.82540728473516,19.10874313556976],[99.82540728451616,19.108743134715816]],[[99.82429941681107,19.107744687241798],[99.8246945031678,19.107663492302958],[99.8246945030128,19.107663491621338],[99.82469450411396,19.107663491395034],[99.82464681813413,19.107453823466436],[99.82425173129293,19.107535018291227],[99.82429941681107,19.107744687241798]],[[99.82527985699934,19.1071489993944],[99.8254734972163,19.1074446535272],[99.8255621202137,19.107392203984805],[99.82536847895292,19.10709654904776],[99.82527985699485,19.107148998490743],[99.82527985742263,19.107148999143874],[99.82527985699934,19.1071489993944]],[[99.82500307102924,19.10698434331324],[99.82504213015656,19.107072282907605],[99.82520890559218,19.107005347896884],[99.82516984639088,19.106917407436338],[99.82500307102924,19.10698434331324]],[[99.8246403737413,19.10629496424457],[99.8244642505061,19.1062221243781],[99.82446425035316,19.106222124712254],[99.82446424955548,19.106222124382356],[99.82439261242858,19.106378649656968],[99.82456873579935,19.106451488682023],[99.8246403737413,19.10629496424457]],[[99.82320103911105,19.106409952720952],[99.82320103904091,19.106409953619345],[99.82361747039555,19.106439332625737],[99.82361977003184,19.106409876557613],[99.82361977003514,19.106409876515507],[99.8236197700396,19.106409876458265],[99.82361977004109,19.106409876439177],[99.82361977004899,19.106409876338013],[99.82361977005512,19.106409876259434],[99.82361977005701,19.106409876235322],[99.82364889953965,19.106036767852657],[99.82323246824241,19.106007388882777],[99.82320103903645,19.106409952715683],[99.82320103911105,19.106409952720952]],[[99.82309914024603,19.106079468179892],[99.82310993269765,19.10598459752631],[99.82311115125982,19.10597388673717],[99.8231111511538,19.10597388672627],[99.82311115125536,19.10597388583351],[99.82293838624157,19.10595612529464],[99.82292637512295,19.10606170763402],[99.82309913929538,19.106079468184145],[99.82309913930686,19.106079468083347],[99.82309914024603,19.106079468179892]],[[99.82225982076203,19.10644063363961],[99.82225982176628,19.106440633577257],[99.82224781786086,19.106265950735626],[99.82212626259494,19.106273498878355],[99.82213826637394,19.106448181732528],[99.82225982082012,19.106440634485164],[99.82225982076203,19.10644063363961]],[[99.82826071860478,19.100174070271994],[99.8283648947877,19.100401289469023],[99.82841277632322,19.100381450608275],[99.82852934242928,19.100333153009203],[99.82842516607677,19.100105934814064],[99.82834381606844,19.100139640320556],[99.82826071860478,19.100174070271994]],[[99.83837523802548,19.102067379214002],[99.83832551775649,19.101973969631015],[99.83822275185516,19.102023401608594],[99.83823501108456,19.102046433983485],[99.83830897534061,19.102185390865888],[99.83841174130774,19.102135957934564],[99.83837523802548,19.102067379214002]],[[99.83780299150055,19.10181573152269],[99.83770229118579,19.10186779979715],[99.83780906113877,19.10205440613497],[99.83790976247417,19.10200233689213],[99.83780299150055,19.10181573152269]],[[99.83751362512675,19.10159437043885],[99.83766894329653,19.10183547133711],[99.83776011996153,19.101782390903324],[99.83760480172022,19.101541290987413],[99.83751362512675,19.10159437043885]],[[99.82762170384888,19.10544576904211],[99.82766403921006,19.105504528751876],[99.82773780042491,19.105542164553736],[99.82785152687579,19.105584616211583],[99.82792829720827,19.105593263597626],[99.82800063022287,19.105554970986383],[99.82803218939013,19.10555386081252],[99.82803320689027,19.105553825048418],[99.82808061839125,19.105576591579933],[99.82815089429431,19.105547300717433],[99.82812445408591,19.105514447832146],[99.82804643848411,19.105466839289843],[99.82794008975908,19.105428351570698],[99.8277747532479,19.10536414987751],[99.82772758130588,19.105389340651634],[99.82764255799768,19.10541212366771],[99.82761001816563,19.10542084284393],[99.82762170384888,19.10544576904211]],[[99.82920571256103,19.11347765024643],[99.82922676808614,19.113382039909688],[99.82904234252308,19.113340798346826],[99.82901342071132,19.11346228814942],[99.82899792384407,19.11354908571293],[99.82916916299563,19.113584701267673],[99.82920571256103,19.11347765024643]],[[99.83103579407104,19.115907449376646],[99.83107813760552,19.115962479478085],[99.83117000880522,19.11589860715218],[99.831111135496,19.11582209528405],[99.83102320079337,19.115883229723334],[99.83101926430899,19.115885966676686],[99.83103579407104,19.115907449376646]],[[99.83792228180761,19.107765576132394],[99.83773844013591,19.107761118045204],[99.83773318432206,19.107956967959275],[99.83791702526443,19.107961426951334],[99.83792228180761,19.107765576132394]],[[99.83701116416383,19.1187083471252],[99.83701319740149,19.118796096118146],[99.83717002053031,19.118792812697777],[99.83716798721004,19.118705063709665],[99.83701116416383,19.1187083471252]],[[99.83891048279322,19.119926480785274],[99.83887807071348,19.12022172713491],[99.83904053557595,19.12020409483336],[99.83906461912731,19.120026604343593],[99.83908122620615,19.119945007627024],[99.83908499739165,19.119926481252914],[99.83910106266715,19.119765792393213],[99.8389201159299,19.119762643015296],[99.83891048279322,19.119926480785274]],[[99.86016678056856,19.064599572982814],[99.86010663245798,19.06451175684068],[99.86016029387699,19.064602005492187],[99.86022349067599,19.06481500265453],[99.86016678056856,19.064599572982814]],[[99.86062409232726,19.066040429357173],[99.8608204686726,19.066444733738766],[99.86067598586011,19.066047726885216],[99.86060787559819,19.065986914151356],[99.86043597827047,19.065471222168192],[99.8603677796642,19.065287735670793],[99.86056571210274,19.065871775375264],[99.86062409232726,19.066040429357173]],[[99.86173169491998,19.06787859559273],[99.861727321119,19.067873215834688],[99.86173331659292,19.0678810281021],[99.86174499256983,19.067892704107827],[99.86173169491998,19.06787859559273]],[[99.863671215712,19.070165965222444],[99.8636138251463,19.070098679816997],[99.86368905411396,19.070193533661826],[99.86378842551314,19.07031616244857],[99.863671215712,19.070165965222444]],[[99.86477809539548,19.07174806447043],[99.86471226746319,19.071744896847513],[99.86446969735589,19.071630997113513],[99.86432030056727,19.071337713903503],[99.8642371250654,19.07085239184425],[99.86414972877307,19.070751875899806],[99.86424042290099,19.07112113056235],[99.86438961680807,19.071601145741646],[99.86466205785578,19.071750339648723],[99.86477809539548,19.07174806447043]],[[99.8400648284212,19.105784473246917],[99.83997745666748,19.10580201409617],[99.84003495024422,19.106117169267947],[99.84014847818301,19.10610122326773],[99.8400648284212,19.105784473246917]],[[99.84014127182475,19.112068618563],[99.8397694389924,19.111975004912257],[99.83970089739856,19.11222100039295],[99.84007273075404,19.11231461416013],[99.84014127182475,19.112068618563]],[[99.84724169165338,19.117156856845803],[99.84731393006753,19.11706215164666],[99.84726935410298,19.117118753476586],[99.84724169165338,19.117156856845803]],[[99.84718628192554,19.11723318036739],[99.8472430952478,19.117274297045256],[99.84730104074524,19.117202604412828],[99.84724169165338,19.117156856845803],[99.84718628192554,19.11723318036739]],[[99.84501214294023,19.11589896221846],[99.84513561671656,19.11581757922316],[99.8450296917576,19.115672372567047],[99.84502969323434,19.115672374416675],[99.84500472653575,19.11563814917248],[99.84500318112381,19.11563916748507],[99.84488125282112,19.115719532078856],[99.84501214294023,19.11589896221846]],[[99.8453531461753,19.117789858325178],[99.84535314532185,19.11778985810745],[99.84520446542976,19.11812942254191],[99.84541083307369,19.11817965993083],[99.8454108331617,19.118179659716457],[99.84541083402438,19.118179659926465],[99.8455502291197,19.117840137999472],[99.84548095634744,19.11782246511532],[99.84535314627254,19.117789858103084],[99.8453531461753,19.117789858325178]],[[99.8419517983053,19.120532530258597],[99.84210220335532,19.120531842013275],[99.84210170200096,19.120432862472555],[99.84195129704047,19.120433550714054],[99.8419517983053,19.120532530258597]],[[99.84267251197267,19.12021315301813],[99.84265846548676,19.12011514009789],[99.84247475427088,19.12013892660185],[99.84248879970099,19.12023693954429],[99.84267251197267,19.12021315301813]],[[99.84307309117146,19.121271949323763],[99.84307309122198,19.121271949524303],[99.84319117617886,19.121245071616407],[99.84313432468771,19.121019410477874],[99.84301623987886,19.12104628834414],[99.8430162400439,19.121046288999235],[99.84301623893272,19.121046289252153],[99.84307309027128,19.12127194952866],[99.84307309117146,19.121271949323763]],[[99.84319376170174,19.12102266879938],[99.84324313168004,19.121237773080672],[99.84324313258851,19.121237772892282],[99.84324313263075,19.121237773076313],[99.84340709495027,19.121203773444577],[99.84335772476905,19.120988668310606],[99.84319376170174,19.12102266879938]],[[99.84151256028747,19.101010655493933],[99.84148155364842,19.100931218061852],[99.84147369373473,19.100933990321643],[99.8413091906207,19.100992015392876],[99.84134745021822,19.10109003827441],[99.84151981427647,19.101029239996862],[99.84151256084594,19.10101065659557],[99.84151256028747,19.101010655493933]],[[99.83864323265365,19.101143468000007],[99.83864323285216,19.101143468482064],[99.83864323170761,19.101143468908013],[99.83870832018549,19.101301522006374],[99.83891958611692,19.101222899146773],[99.83885449747089,19.10106484522456],[99.83864323265365,19.101143468000007]],[[99.831476418714,19.122101128067914],[99.83142255803295,19.12198278585933],[99.83124918994902,19.122054072945822],[99.83117516804283,19.122084509501228],[99.83122902858676,19.122202851786344],[99.8314764177678,19.12210112897586],[99.83147641756888,19.122101128538766],[99.831476418714,19.122101128067914]],[[99.82615940981559,19.107042793141947],[99.82631773916557,19.107002275376377],[99.82627805129803,19.106862134890235],[99.82627805041052,19.10686213511736],[99.82627805034741,19.106862134894502],[99.82611972206894,19.106902652617638],[99.82615940886497,19.107042793146213],[99.82615940975248,19.107042792919096],[99.82615940981559,19.107042793141947]],[[99.83573175289368,19.10539973581297],[99.83596573075235,19.105405733276616],[99.83596814633499,19.10532058641159],[99.8357341685917,19.105314588042752],[99.83573175289368,19.10539973581297]],[[99.83988186581281,19.119805398255878],[99.83986965245387,19.1199607749158],[99.84002388929633,19.119971728370597],[99.84003610251106,19.1198163517061],[99.83988186581281,19.119805398255878]],[[99.83951963112399,19.119820028939625],[99.83949365459414,19.120030915477628],[99.83969764987155,19.12005361866824],[99.83972362613918,19.11984273120806],[99.83951963112399,19.119820028939625]],[[99.83233181301847,19.11471587282095],[99.83240800032581,19.114912768606818],[99.83260967854142,19.114842258434944],[99.83253349103455,19.114645362738898],[99.83233181301847,19.11471587282095]],[[99.84113086707006,19.12679807134365],[99.84109940506923,19.126993561716613],[99.841271236366,19.127018544398187],[99.84130269816693,19.126823054003932],[99.84113086707006,19.12679807134365]],[[99.83848983282054,19.124716706027503],[99.8384473544331,19.124981651024477],[99.83843942513788,19.125031106385453],[99.83843942528394,19.125031106406603],[99.83843942514245,19.125031107289107],[99.83852418669302,19.125043384246723],[99.83852418671529,19.125043384107904],[99.83852418764376,19.125043384242392],[99.83857459516325,19.124728982963948],[99.83848983376672,19.1247167051195],[99.83848983360295,19.12471670614083],[99.83848983282054,19.124716706027503]],[[99.84137443016861,19.124966936610388],[99.84140050889634,19.124776611823727],[99.84123916922817,19.124756640003767],[99.84121309031687,19.124946964774917],[99.84137442922245,19.124966937518398],[99.84137442936057,19.12496693651036],[99.84137443016861,19.124966936610388]],[[99.83937611962855,19.12482077088305],[99.83937611956722,19.124820770755594],[99.83937612057929,19.124820770878717],[99.83927102861527,19.124602389032226],[99.8391739709019,19.124503991790004],[99.8391104137885,19.124788448296577],[99.83937611962855,19.12482077088305]],[[99.84200227956624,19.124377303469153],[99.84215833088213,19.124390709208104],[99.84215964186511,19.124376921533532],[99.84217340785209,19.124232153833905],[99.84201735668495,19.124218748101868],[99.84200227956624,19.124377303469153]],[[99.84323266548364,19.124017910569837],[99.84323266453634,19.124017910626286],[99.8432326645329,19.124017910574192],[99.8429055530802,19.12403740175358],[99.84291452069186,19.124173361664436],[99.84324163240977,19.124153870459182],[99.84323266548364,19.124017910569837]],[[99.84363569477446,19.124089460673527],[99.84373664228016,19.124080701987182],[99.843709737434,19.123800550236655],[99.84376956525165,19.12378657700149],[99.84371834400599,19.123325120745964],[99.84372896260884,19.12325590328918],[99.84365918756376,19.12256668898953],[99.84363646018143,19.122471242771155],[99.84344678743723,19.122529253043048],[99.84336269630514,19.122543352272313],[99.84330289456986,19.122605338331947],[99.84330352208369,19.123203027208564],[99.84302950763205,19.12322599639682],[99.84286277186192,19.12328787117218],[99.84268682652589,19.123543617661706],[99.84278062403773,19.123818542897553],[99.8428243705933,19.123909767626458],[99.84288984051356,19.1239272375366],[99.84316729151935,19.1239272377112],[99.84361018137847,19.123823801148777],[99.84363569382376,19.124089460677887],[99.84363569476703,19.124089460596043],[99.84363569477446,19.124089460673527]],[[99.84125139345782,19.12257196990185],[99.84125139253929,19.12257196974061],[99.8412314854223,19.122674431386134],[99.84127169932044,19.122681490513195],[99.84127487296331,19.122665155806153],[99.84129160736386,19.122579028859974],[99.84125139349,19.122571969736263],[99.84125139345782,19.12257196990185]],[[99.83789659272347,19.122782591981437],[99.83784430722643,19.122602905548952],[99.8377020779644,19.122640295886857],[99.83770207820898,19.12264029672741],[99.83770207796896,19.12264029679051],[99.83775436332283,19.122819982364447],[99.83789659272347,19.122782591981437]],[[99.83935110205428,19.122808334244823],[99.83935110202559,19.122808334092404],[99.83931317132551,19.122814782750087],[99.83909506721527,19.12285186190633],[99.83909506738019,19.122851862782717],[99.83909506721983,19.122851862809988],[99.83911146624479,19.12293901120832],[99.83932957018854,19.122901931171167],[99.83936750212928,19.122895482459022],[99.83935110297632,19.122808334088063],[99.83935110205428,19.122808334244823]],[[99.84130348507415,19.122956455048342],[99.84132699016573,19.122832845304334],[99.84119689208765,19.12281049481809],[99.84117338690108,19.122934104549355],[99.84130348507415,19.122956455048342]],[[99.83804512391029,19.123064919213224],[99.8380774973526,19.122856500600793],[99.83807749721076,19.122856500580884],[99.83807749734804,19.12285649969713],[99.83796336782679,19.122840483976475],[99.83793099329208,19.123048902578848],[99.83804512391029,19.123064919213224]],[[99.83782831903521,19.123186414144957],[99.83787827268439,19.122903447743507],[99.83769377503191,19.12287402177326],[99.83764382106868,19.12315698723348],[99.83764382122827,19.12315698725893],[99.83764382107323,19.123156988137136],[99.83782831903521,19.123186414144957]],[[99.8400990837514,19.123034724335064],[99.84009908284115,19.123034724519655],[99.8400990828007,19.123034724339405],[99.83983974611124,19.123087315008526],[99.83986137165755,19.1231836606152],[99.84012070943862,19.123131069906325],[99.8400990837514,19.123034724335064]],[[99.83896353111959,19.122726345064756],[99.8389635312191,19.122726345054286],[99.83895248721664,19.12263154516145],[99.83872275217959,19.122655725836108],[99.83873379605377,19.122750525747445],[99.83873379699348,19.12275052564854],[99.8387337970045,19.12275052574311],[99.83875579216968,19.12274821065332],[99.83896353122364,19.122726345957943],[99.83896353111959,19.122726345064756]],[[99.84194571764571,19.12258397930666],[99.84182705065365,19.122574631507245],[99.84182634302432,19.122582748429558],[99.84181827544096,19.12267527738626],[99.84193694250487,19.1226846251885],[99.8419376501208,19.122676508360097],[99.84194571764571,19.12258397930666]],[[99.84043543800858,19.123558528850193],[99.8407397389732,19.123522684731086],[99.84077596613785,19.12351841754607],[99.84076076542955,19.123401831013144],[99.84046077577086,19.123437167352435],[99.84042023753311,19.123441942280646],[99.84043543800858,19.123558528850193]],[[99.84132287276272,19.123412771532756],[99.84128285537496,19.123605730586316],[99.84127271770467,19.123654612227657],[99.84127271788947,19.123654612262285],[99.84127271770924,19.123654613131315],[99.8414165989448,19.123681571624804],[99.84146675474445,19.123439729991055],[99.84146675455965,19.123439729956424],[99.84146675473987,19.123439729087394],[99.84132287370886,19.123412770624746],[99.8413228734922,19.12341277166944],[99.84132287276272,19.123412771532756]],[[99.84230071178037,19.12364925275391],[99.84230071199627,19.12364925190066],[99.84221715423446,19.1236301501854],[99.84218003882198,19.123776829989463],[99.84226359570398,19.123795931722977],[99.842263595757,19.123795931513403],[99.84226359665469,19.12379593171862],[99.84229339336133,19.123678175163054],[99.84230071200085,19.123649252804316],[99.84230071178037,19.12364925275391]],[[99.83821478856407,19.123568938404986],[99.83816699313124,19.123700988604085],[99.83847575362466,19.123801952427776],[99.83852354788372,19.12366990216245],[99.83821478856407,19.123568938404986]],[[99.8418036699684,19.123754341030963],[99.84174323216767,19.12374270614947],[99.84174323212932,19.123742706329462],[99.84174323121695,19.123742706153823],[99.84171916980497,19.123855630255534],[99.84171417581032,19.123879066938],[99.84171417599968,19.12387906697445],[99.8417141758149,19.123879067841656],[99.84177461365941,19.123890701827037],[99.8418036699684,19.123754341030963]],[[99.84245669747058,19.124013527435824],[99.84245669749225,19.1240135265083],[99.84245669841673,19.124013526527815],[99.84246102201445,19.123828442072323],[99.84246114212256,19.123823301586324],[99.8424611420969,19.123823301585784],[99.84246114211798,19.123823300682663],[99.8422978315157,19.123819853525692],[99.84229783149402,19.12381985445322],[99.84229783056954,19.123819854433698],[99.84229350679387,19.124004938715924],[99.84229338667654,19.124010079378476],[99.84229338670221,19.124010079379012],[99.84229338668112,19.12401008028213],[99.84245669747058,19.124013527435824]],[[99.8411134749216,19.12210487286996],[99.84111347491381,19.122104872953607],[99.84111347397089,19.122104872874303],[99.84108881720732,19.122369737510244],[99.84122231456142,19.122380964515294],[99.84124697111697,19.122116100773518],[99.8411134749216,19.12210487286996]],[[99.84301038936368,19.121955076786456],[99.84283075686987,19.121942135759234],[99.84281329811849,19.122161076019363],[99.84281329819468,19.122161076024856],[99.84281329812306,19.122161076923025],[99.84299292990286,19.122174017962326],[99.84301038936368,19.121955076786456]],[[99.84093933562578,19.12210827052398],[99.8409294620578,19.12235894668389],[99.8410405032815,19.122362897908463],[99.84105037668175,19.122112221749102],[99.84093933562578,19.12210827052398]],[[99.83699779255375,19.122205703143734],[99.83699779241097,19.12220570316528],[99.83702009793207,19.122339259638345],[99.83715161510621,19.12231941472332],[99.83715161498156,19.12231941397691],[99.83715161605238,19.122319413815333],[99.8371293094789,19.122185857366183],[99.83699779240642,19.12220570226162],[99.83699779255375,19.122205703143734]],[[99.84004727592453,19.12167202195914],[99.84005913081145,19.121813168718624],[99.84018846265076,19.121803354347517],[99.84017660765544,19.121662207600394],[99.84005629906538,19.121671337302732],[99.84004727592453,19.12167202195914]],[[99.83656996389566,19.121781898758297],[99.83658698863583,19.121564062366588],[99.83639148728885,19.12155264841927],[99.83639148728399,19.121552648478815],[99.83639148633814,19.12155264842359],[99.83637319837054,19.12177664190136],[99.83656996389566,19.121781898758297]],[[99.84020348288375,19.12134936646752],[99.84020257661638,19.121170050695373],[99.84003545938172,19.121170813703216],[99.84003636546889,19.12135012948306],[99.84020348288375,19.12134936646752]],[[99.83658027659247,19.121292789011395],[99.83658993213474,19.121153723800692],[99.83644750313155,19.121143298503583],[99.83643401429252,19.12129222312105],[99.83643401437888,19.12129222312138],[99.83643401429705,19.1212922240247],[99.83658027659247,19.121292789011395]],[[99.83975542477097,19.12084892799849],[99.83975542473179,19.120848927821033],[99.83949735390951,19.12090039789412],[99.83954440072853,19.121113522221478],[99.83980247186153,19.121062052071515],[99.83980247170946,19.12106205138254],[99.83980247280769,19.121062051163502],[99.8397554256825,19.120848927816695],[99.83975542477097,19.12084892799849]],[[99.84017846602654,19.12082069059414],[99.83998359378204,19.1208286380097],[99.83998359382277,19.12082863891189],[99.8399835937866,19.120828638913366],[99.83999195801468,19.12101392651272],[99.84018683047526,19.121005979080184],[99.84017846602654,19.12082069059414]],[[99.83777818681295,19.120997958687767],[99.8377781865276,19.12099795784293],[99.8377781868084,19.12099795778411],[99.83774665320925,19.120904601159875],[99.83774665232035,19.120904601347174],[99.83774665225855,19.120904601164206],[99.83759149840711,19.12093729414758],[99.83761010140257,19.121033171287216],[99.83761010231694,19.12103317109566],[99.83761010235328,19.121033171282885],[99.83763988921046,19.12102693098297],[99.83777818681295,19.120997958687767]],[[99.83480182996229,19.120454321148465],[99.83477020250903,19.12046109964437],[99.83484755676284,19.120787182659427],[99.83484755766854,19.120787182465314],[99.83484755771356,19.12078718265511],[99.83502263596066,19.120749659040722],[99.8349452813825,19.12042357520668],[99.83480182996229,19.120454321148465]],[[99.83661594690602,19.120340392398397],[99.83666661555164,19.12063542881949],[99.83681402969856,19.120607692356604],[99.83677116330203,19.120320002671303],[99.83677116236895,19.12032000279388],[99.83677116235133,19.12032000267563],[99.83661594690602,19.120340392398397]],[[99.8383476391062,19.119254912046298],[99.83860701027213,19.119210034591948],[99.83857261635558,19.119030438451848],[99.83831324546105,19.119075316751907],[99.8383476391062,19.119254912046298]],[[99.8348583701966,19.119128430769365],[99.83506893896211,19.1190912928768],[99.83506893882225,19.119091292160373],[99.83506893990827,19.119091291968825],[99.83504893747178,19.118988828493126],[99.83483836787897,19.119025966362774],[99.8348583701966,19.119128430769365]],[[99.83502057591768,19.118724232857932],[99.83502057499342,19.118724233008667],[99.83502057496699,19.118724232862245],[99.83483776407371,19.118754046943824],[99.83487948703045,19.11898518917555],[99.83506229816695,19.118955375043893],[99.83502057591768,19.118724232857932]],[[99.84150923855779,19.119799245824943],[99.84150923857482,19.119799244921655],[99.84134581834331,19.119796462393715],[99.84134374681487,19.119906385536517],[99.84150716715456,19.119909168062147],[99.84150923857939,19.11979924582531],[99.84150923855779,19.119799245824943]],[[99.84152418081037,19.11960197919964],[99.84152418084415,19.11960197829729],[99.84134031814872,19.119595759467167],[99.8413352552609,19.119730969502513],[99.8415191190568,19.119737188327534],[99.84152418084871,19.119601979200944],[99.84152418081037,19.11960197919964]],[[99.83738544564324,19.122867921196004],[99.83738282485618,19.12306010067041],[99.83757911117458,19.123078537687338],[99.83762237635474,19.1228804877597],[99.83738544564324,19.122867921196004]],[[99.84335127942177,19.126335832401058],[99.84335161976232,19.12735064929042],[99.84384659018693,19.126324418563357],[99.84335127942177,19.126335832401058]],[[99.84419449260085,19.116304512081868],[99.84435775180222,19.116212981315535],[99.84420049047657,19.115959541013886],[99.8440372314302,19.116051072540643],[99.84419449260085,19.116304512081868]],[[99.84081888356154,19.114983086159256],[99.84083699162134,19.114878579554023],[99.84062886183882,19.114845995566263],[99.84061075364544,19.114950501252576],[99.84081888356154,19.114983086159256]]]},"properties":{"zone":"A","zone_name":"Rainfed"}}]}